,,
,,
,1663.71,-6.4575603E-14
,1665.08,-1.9056405E-14
,1666.45,-1.344006E-14
,1667.82,-1.455508E-14
,1669.19,-1.0196927E-14
,1670.57,-2.1670762E-14
,1671.94,-2.7662122E-15
,1673.31,-1.5310373E-14
,1674.68,8.4841141E-15
,1676.05,-1.1432459E-14
,1677.42,-7.3839139E-16
,1678.79,3.6994037E-15
,1680.16,2.7152664E-15
,1681.53,3.5475556E-16
,1682.90,-1.8200561E-14
,1684.27,1.4316183E-14
,1685.64,-1.3578008E-14
,1687.01,4.4293819E-14
,1688.38,4.3023534E-14
,1689.75,1.3987338E-15
,1691.12,-1.1255281E-15
,1692.49,1.0336725E-14
,1693.86,-1.0746743E-14
,1695.23,-1.7497844E-16
,1696.60,1.1693463E-14
,1697.97,-1.5949075E-15
,1699.35,-7.6599544E-15
,1700.72,4.4184927E-15
,1702.09,1.7863232E-14
,1703.46,-1.412152E-15
,1704.83,5.2844861E-15
,1706.20,-7.0648875E-15
,1707.57,5.1254722E-15
,1708.94,5.0485726E-15
,1710.31,1.1156738E-14
,1711.68,9.3190489E-15
,1713.05,-8.940614E-15
,1714.42,2.2755638E-15
,1715.79,5.8899876E-15
,1717.16,2.6462283E-15
,1718.54,-5.8919298E-15
,1719.91,1.3431221E-14
,1721.28,1.1433291E-14
,1722.65,5.5859532E-14
,1724.02,5.900916E-15
,1725.39,2.946031E-15
,1726.76,8.6616954E-15
,1728.13,-1.6340587E-14
,1729.50,2.0113915E-15
,1730.87,2.7041512E-15
,1732.24,2.1079705E-15
,1733.62,-3.0266971E-15
,1734.99,4.4726148E-15
,1736.36,2.1821428E-16
,1737.73,-3.8730925E-15
,1739.10,-3.3138982E-15
,1740.47,-1.558462E-16
,1741.84,-3.0323708E-15
,1743.21,-1.3661576E-15
,1744.58,-4.9898359E-15
,1745.95,6.4593991E-15
,1747.33,9.8076132E-17
,1748.70,1.4362683E-15
,1750.07,3.5103222E-15
,1751.44,4.9306859E-15
,1752.81,3.7832964E-15
,1754.18,4.5273678E-15
,1755.55,-2.5996172E-15
,1756.92,-2.2832178E-15
,1758.29,-5.910984E-16
,1759.67,1.731286E-16
,1761.04,2.3581927E-16
,1762.41,1.2141855E-15
,1763.78,-1.7348865E-15
,1765.15,4.7050067E-15
,1766.52,-6.5369159E-16
,1767.89,8.9038079E-15
,1769.27,4.1032588E-15
,1770.64,1.8620188E-15
,1772.01,-4.1642918E-15
,1773.38,-1.484634E-15
,1774.75,2.4878385E-16
,1776.12,2.4142718E-15
,1777.49,-1.4051991E-15
,1778.86,-2.4579499E-16
,1780.24,1.5104151E-15
,1781.61,1.0457455E-15
,1782.98,2.6274399E-15
,1784.35,-8.1514327E-16
,1785.72,2.4674995E-15
,1787.09,-3.1391488E-15
,1788.46,1.7464718E-15
,1789.84,2.1281459E-14
,1791.21,5.3510972E-15
,1792.58,2.8785832E-15
,1793.95,1.4590815E-15
,1795.32,8.9389536E-16
,1796.69,5.0392205E-15
,1798.07,4.9119597E-15
,1799.44,2.3995344E-15
,1800.81,-8.7495073E-15
,1802.18,-1.0781708E-15
,1803.55,3.9487135E-16
,1804.92,3.5990557E-15
,1806.29,9.5843493E-16
,1807.67,1.1414185E-15
,1809.04,2.9373754E-15
,1810.41,2.7933558E-15
,1811.78,3.8660049E-15
,1813.15,-5.9686689E-15
,1814.52,1.7015324E-15
,1815.90,2.475548E-15
,1817.27,1.3357318E-15
,1818.64,1.5428664E-16
,1820.01,-4.7195107E-17
,1821.38,9.9709068E-15
,1822.76,7.9817121E-14
,1824.13,-2.1066347E-16
,1825.50,2.6414235E-15
,1826.87,1.8555885E-15
,1828.24,1.9171759E-15
,1829.61,-2.5006123E-16
,1830.99,-2.3499632E-16
,1832.36,-9.7991402E-17
,1833.73,2.2953672E-15
,1835.10,3.2298182E-15
,1836.47,5.6856843E-16
,1837.85,2.9042744E-15
,1839.22,-2.7161054E-15
,1840.59,2.3598101E-15
,1841.96,1.7224845E-15
,1843.33,5.817571E-16
,1844.71,-1.3780921E-15
,1846.08,2.3657373E-16
,1847.45,-3.3913105E-15
,1848.82,3.7149057E-15
,1850.19,1.3751634E-15
,1851.57,-2.0389013E-15
,1852.94,3.8043477E-15
,1854.31,-6.2361393E-16
,1855.68,3.395898E-15
,1857.05,2.8638729E-16
,1858.43,6.4580346E-17
,1859.80,-1.4911217E-15
,1861.17,3.179462E-15
,1862.54,-9.0213805E-16
,1863.91,3.3138303E-16
,1865.29,9.3883851E-16
,1866.66,-4.6404494E-16
,1868.03,6.6136248E-16
,1869.40,7.8903581E-16
,1870.77,3.6660459E-16
,1872.15,2.3183103E-15
,1873.52,3.7393519E-15
,1874.89,2.8505729E-16
,1876.26,-3.4978901E-16
,1877.64,-1.1603754E-16
,1879.01,1.0531266E-16
,1880.38,1.5658754E-15
,1881.75,8.1141103E-16
,1883.12,2.5983799E-15
,1884.50,-2.3979822E-17
,1885.87,-2.57563E-16
,1887.24,2.5744296E-15
,1888.61,6.629179E-16
,1889.99,-1.0325646E-16
,1891.36,1.362611E-15
,1892.73,4.9253543E-15
,1894.10,5.4611399E-14
,1895.47,1.1732372E-15
,1896.85,1.9026312E-15
,1898.22,1.2221977E-15
,1899.59,1.0996778E-15
,1900.96,-3.6172563E-16
,1902.34,1.2934235E-15
,1903.71,-1.2399123E-15
,1905.08,1.8482045E-15
,1906.45,1.4393441E-15
,1907.83,-6.7454771E-16
,1909.20,6.2282645E-16
,1910.57,-4.7562806E-16
,1911.94,1.5456488E-15
,1913.32,3.3306977E-15
,1914.69,-3.9654718E-14
,1916.06,-2.2534863E-15
,1917.43,-8.204582E-18
,1918.81,1.0748043E-15
,1920.18,1.2302437E-15
,1921.55,2.3665997E-15
,1922.92,-2.5584471E-16
,1924.30,5.2867704E-16
,1925.67,2.5194394E-15
,1927.04,3.2814173E-15
,1928.41,-5.9165585E-16
,1929.79,1.4524281E-15
,1931.16,2.4329565E-15
,1932.53,1.0972842E-15
,1933.90,8.0644885E-16
,1935.28,3.6112201E-17
,1936.65,-2.5846369E-16
,1938.02,6.8537722E-15
,1939.39,1.1254459E-15
,1940.77,5.5244638E-16
,1942.14,2.8417996E-15
,1943.51,1.3180242E-15
,1944.88,-7.9932335E-17
,1946.26,-1.0656387E-15
,1947.63,1.2944748E-15
,1949.00,2.6313106E-15
,1950.38,3.4005294E-16
,1951.75,1.6766617E-15
,1953.12,6.5663218E-17
,1954.49,1.8102085E-15
,1955.87,6.7417094E-16
,1957.24,3.0287768E-15
,1958.61,1.5602712E-15
,1959.98,9.2034598E-16
,1961.36,7.3039757E-16
,1962.73,-1.3077651E-16
,1964.10,2.0136218E-15
,1965.48,4.9236217E-15
,1966.85,-7.9236114E-17
,1968.22,-9.1768354E-16
,1969.59,8.6950616E-16
,1970.97,7.2777627E-16
,1972.34,1.0307607E-15
,1973.71,1.0019867E-15
,1975.09,8.0004824E-16
,1976.46,-3.6911398E-16
,1977.83,1.3185218E-15
,1979.20,7.3641267E-16
,1980.58,6.6194391E-16
,1981.95,1.0550199E-15
,1983.32,1.4458888E-15
,1984.70,1.6240972E-15
,1986.07,4.8460814E-16
,1987.44,5.2165422E-15
,1988.81,7.2576885E-16
,1990.19,5.8955447E-16
,1991.56,-1.1746122E-15
,1992.93,3.5449753E-16
,1994.31,7.5166201E-16
,1995.68,1.1703641E-15
,1997.05,1.0710543E-15
,1998.42,9.2473657E-16
,1999.80,4.7430044E-16
,2001.17,1.2600843E-15
,2002.54,1.5299192E-15
,2003.92,1.1713479E-15
,2005.29,1.4560292E-15
,2006.66,1.9784125E-15
,2008.04,2.7416841E-15
,2009.41,-4.967006E-16
,2010.78,8.0541621E-16
,2012.15,9.7315192E-16
,2013.53,-3.0847442E-16
,2014.90,1.5997596E-15
,2016.27,1.8021966E-15
,2017.65,8.2580365E-16
,2019.02,1.0238474E-15
,2020.39,-9.1772579E-17
,2021.77,5.5566039E-16
,2023.14,1.8001068E-15
,2024.51,1.3570136E-15
,2025.89,2.3952555E-14
,2027.26,6.6411073E-16
,2028.63,1.5076388E-15
,2030.00,1.6755305E-15
,2031.38,1.3539548E-15
,2032.75,-3.3384141E-16
,2034.12,1.0984223E-15
,2035.50,4.9931099E-16
,2036.87,6.4911269E-16
,2038.24,5.8036876E-16
,2039.62,7.6570117E-17
,2040.99,4.1009116E-16
,2042.36,4.6828306E-16
,2043.74,8.1033577E-16
,2045.11,1.1202862E-15
,2046.48,1.3185241E-15
,2047.86,7.557319E-16
,2049.23,9.7340742E-17
,2050.60,1.1493733E-15
,2051.98,-9.4115197E-16
,2053.35,5.8903328E-16
,2054.72,4.5626494E-16
,2056.10,5.851734E-16
,2057.47,-5.286286E-16
,2058.84,4.8455991E-16
,2060.21,1.1260504E-15
,2061.59,-5.2795127E-17
,2062.96,-4.0918272E-16
,2064.33,8.3182646E-17
,2065.71,3.7377571E-16
,2067.08,5.4761146E-16
,2068.45,1.1449302E-15
,2069.83,6.7999019E-14
,2071.20,-1.1158218E-16
,2072.57,3.4111859E-16
,2073.95,1.3313653E-15
,2075.32,3.9411601E-16
,2076.69,1.7299461E-16
,2078.07,1.3882E-15
,2079.44,-1.990859E-16
,2080.81,1.1304185E-15
,2082.19,2.4545313E-16
,2083.56,5.4633895E-16
,2084.93,6.5099442E-16
,2086.31,-1.2457603E-15
,2087.68,4.0204609E-16
,2089.05,1.0666391E-16
,2090.43,-2.5137984E-16
,2091.80,-4.481243E-17
,2093.17,1.7350493E-16
,2094.55,8.1626732E-17
,2095.92,2.354223E-16
,2097.29,2.2543471E-15
,2098.67,1.1280846E-16
,2100.04,2.4563294E-16
,2101.42,6.4995305E-16
,2102.79,6.6375423E-16
,2104.16,2.6479753E-16
,2105.54,3.1864532E-16
,2106.91,6.1277344E-16
,2108.28,8.3221786E-16
,2109.66,-3.849342E-16
,2111.03,1.1872977E-15
,2112.40,2.8318889E-15
,2113.78,4.8420294E-16
,2115.15,9.8436379E-18
,2116.52,-9.0595542E-16
,2117.90,3.3914778E-16
,2119.27,2.2482473E-16
,2120.64,2.9718998E-17
,2122.02,-4.2753633E-16
,2123.39,8.6226652E-16
,2124.76,1.1030556E-15
,2126.14,2.7604176E-16
,2127.51,1.9832211E-16
,2128.88,7.62104E-17
,2130.26,-4.4980605E-16
,2131.63,1.1267796E-15
,2133.00,1.4804257E-16
,2134.38,5.7226441E-16
,2135.75,8.7066718E-16
,2137.13,5.9351392E-16
,2138.50,6.9228167E-16
,2139.87,3.3489774E-16
,2141.25,8.810824E-16
,2142.62,3.3149791E-16
,2143.99,-5.6366238E-17
,2145.37,1.3760803E-15
,2146.74,4.4358051E-16
,2148.11,-1.1176768E-15
,2149.49,4.9594526E-16
,2150.86,4.0898658E-16
,2152.23,1.3505698E-15
,2153.61,1.3438481E-15
,2154.98,7.6608878E-15
,2156.36,1.1816361E-15
,2157.73,5.6148766E-16
,2159.10,1.4714435E-15
,2160.48,3.1275725E-16
,2161.85,8.5444877E-16
,2163.22,2.1913187E-16
,2164.60,1.0552482E-16
,2165.97,2.0458307E-16
,2167.34,-1.997028E-16
,2168.72,2.1618582E-16
,2170.09,6.3073048E-16
,2171.47,5.4819776E-16
,2172.84,3.1416088E-17
,2174.21,3.7882185E-15
,2175.59,2.617074E-16
,2176.96,-1.5223989E-16
,2178.33,-2.5417166E-16
,2179.71,4.9337313E-16
,2181.08,1.7031591E-16
,2182.45,-9.2348435E-17
,2183.83,1.8652334E-16
,2185.20,4.6066967E-16
,2186.58,4.381266E-16
,2187.95,3.2120246E-16
,2189.32,7.9631256E-16
,2190.70,-7.8064588E-17
,2192.07,3.7330883E-16
,2193.44,7.3798206E-16
,2194.82,5.4676586E-16
,2196.19,-3.7641615E-17
,2197.56,5.1214492E-16
,2198.94,3.7698302E-16
,2200.31,1.5988196E-16
,2201.69,7.1712875E-16
,2203.06,-3.8134207E-17
,2204.43,2.636276E-16
,2205.81,2.5551813E-16
,2207.18,-1.8001305E-15
,2208.55,-2.747916E-16
,2209.93,4.2322359E-16
,2211.30,1.2961127E-15
,2212.68,1.3518109E-15
,2214.05,5.2273685E-16
,2215.42,5.3390488E-16
,2216.80,3.3093035E-17
,2218.17,8.4829153E-16
,2219.54,-3.2144787E-16
,2220.92,3.605152E-16
,2222.29,5.0257493E-16
,2223.66,4.6017982E-16
,2225.04,7.1262761E-16
,2226.41,7.0709421E-16
,2227.79,-1.4681122E-16
,2229.16,1.9818762E-16
,2230.53,4.230271E-16
,2231.91,1.4335127E-16
,2233.28,3.0569723E-16
,2234.65,1.0032609E-16
,2236.03,5.9493604E-16
,2237.40,5.7291371E-16
,2238.78,4.597445E-16
,2240.15,-1.668614E-17
,2241.52,2.0204536E-16
,2242.90,6.0278999E-16
,2244.27,1.0551877E-15
,2245.64,3.3700582E-16
,2247.02,4.9883311E-16
,2248.39,5.2179739E-16
,2249.77,-3.2711274E-16
,2251.14,8.1826723E-16
,2252.51,7.2732432E-16
,2253.89,3.7771269E-16
,2255.26,4.8158249E-16
,2256.63,6.3607457E-16
,2258.01,6.3392856E-16
,2259.38,4.8139005E-16
,2260.76,1.1605825E-15
,2262.13,5.7225657E-16
,2263.50,5.2518039E-16
,2264.88,1.0037235E-16
,2266.25,1.5157259E-16
,2267.62,6.1156128E-16
,2269.00,-1.2596091E-16
,2270.37,7.514591E-16
,2271.75,1.1532205E-15
,2273.12,-6.6753297E-17
,2274.49,1.0711106E-15
,2275.87,2.3814802E-16
,2277.24,3.1265352E-16
,2278.62,3.8032481E-16
,2279.99,4.278229E-16
,2281.36,-2.6100256E-16
,2282.74,-8.2356537E-17
,2284.11,4.0790817E-16
,2285.48,9.8982322E-16
,2286.86,-1.0226139E-17
,2288.23,4.5811909E-16
,2289.61,8.8391461E-16
,2290.98,1.0703262E-15
,2292.35,6.3131589E-16
,2293.73,1.042176E-15
,2295.10,2.7362838E-16
,2296.47,6.6036838E-16
,2297.85,1.0232019E-15
,2299.22,1.1158043E-15
,2300.60,7.770351E-16
,2301.97,6.7592732E-16
,2303.34,1.8909538E-16
,2304.72,5.8424431E-16
,2306.09,7.5946488E-16
,2307.46,6.4574928E-16
,2308.84,1.3726233E-15
,2310.21,1.0370658E-15
,2311.59,6.5154219E-16
,2312.96,1.2650453E-15
,2314.33,8.0613793E-16
,2315.71,4.3550374E-16
,2317.08,9.4779599E-16
,2318.45,1.0074735E-15
,2319.83,7.5581735E-16
,2321.20,9.8406604E-16
,2322.58,8.1576007E-16
,2323.95,1.0806501E-15
,2325.32,1.8720913E-15
,2326.70,7.1394173E-16
,2328.07,1.1663267E-15
,2330.82,1.4493853E-15
,2332.19,8.3221876E-16
,2333.57,9.5501377E-16
,2334.94,1.2279881E-15
,2336.31,9.5943115E-16
,2337.69,1.091963E-15
,2339.06,7.4160556E-16
,2340.44,9.054743E-16
,2341.81,9.0037591E-16
,2343.18,1.395542E-15
,2344.56,1.3673259E-15
,2345.93,8.2513492E-16
,2347.30,3.9853483E-16
,2348.68,5.3548676E-16
,2350.05,8.3471444E-16
,2351.43,1.21505E-15
,2352.80,1.0640273E-15
,2354.17,1.0351564E-15
,2355.55,4.8095304E-16
,2356.92,1.0782199E-15
,2358.29,9.6581661E-16
,2359.67,1.2181764E-15
,2361.04,1.3737927E-15
,2362.42,7.4535522E-16
,2363.79,9.7311348E-16
,2365.16,1.1085177E-15
,2366.54,1.1401607E-15
,2367.91,1.0455991E-15
,2369.28,1.159722E-15
,2370.66,9.5526068E-16
,2372.03,1.0640993E-15
,2373.41,8.7218676E-16
,2374.78,7.2103717E-16
,2376.15,1.0456303E-15
,2377.53,9.3398564E-16
,2378.90,7.1039404E-16
,2380.27,6.8849824E-16
,2381.65,1.1567225E-15
,2383.02,7.3895488E-16
,2384.40,6.5164346E-16
,2385.77,5.6184437E-16
,2387.14,8.0516893E-16
,2388.52,4.0549865E-16
,2389.89,1.0898616E-15
,2391.26,1.1390027E-15
,2392.64,1.1541865E-15
,2394.01,1.036316E-15
,2395.39,1.0917202E-15
,2396.76,1.3810911E-15
,2398.13,9.9996686E-16
,2399.51,1.4014781E-15
,2400.88,1.2632789E-15
,2402.25,1.0401625E-15
,2403.63,1.2825018E-15
,2405.00,7.540913E-16
,2406.37,4.5745841E-16
,2407.75,1.2899887E-15
,2409.12,9.7902027E-16
,2410.50,1.392303E-15
,2411.87,8.4451488E-16
,2413.24,1.1754046E-15
,2414.62,7.6427407E-16
,2415.99,8.5525801E-16
,2417.36,1.1310478E-15
,2418.74,1.1009265E-15
,2420.11,1.0415854E-15
,2421.49,1.0194547E-15
,2422.86,8.6272047E-16
,2424.23,6.4536102E-16
,2425.61,1.2510126E-15
,2426.98,4.601552E-16
,2428.35,9.7608318E-16
,2429.73,9.0191338E-16
,2431.10,9.1032092E-16
,2432.47,2.4915964E-16
,2433.85,1.161312E-15
,2435.22,1.2899341E-15
,2436.60,1.2947854E-15
,2437.97,1.0575352E-15
,2439.34,1.2970666E-15
,2440.72,7.1363828E-16
,2442.09,6.8480671E-16
,2443.46,9.5558033E-16
,2444.84,7.8990396E-16
,2446.21,1.0204053E-15
,2447.58,1.0792655E-15
,2448.96,3.4569168E-15
,2450.33,1.083828E-15
,2451.71,1.6914698E-15
,2453.08,1.431653E-15
,2454.45,1.1050898E-15
,2455.83,1.7850038E-15
,2457.20,1.3931541E-15
,2458.57,1.7303073E-15
,2459.95,1.4092204E-15
,2461.32,1.4353856E-15
,2462.69,1.1932995E-15
,2464.07,1.4366687E-15
,2465.44,1.1293686E-15
,2466.82,7.5267379E-16
,2468.19,1.4233673E-15
,2469.56,1.343274E-15
,2470.94,1.3521694E-15
,2472.31,1.1331219E-15
,2473.68,8.9172601E-16
,2475.06,1.21746E-15
,2476.43,1.6499016E-15
,2477.80,1.5777083E-15
,2479.18,1.6542505E-15
,2480.55,1.7104924E-15
,2481.92,1.4186842E-15
,2483.30,2.028436E-15
,2484.67,1.2014188E-15
,2486.04,1.8423231E-15
,2487.42,1.520873E-15
,2488.79,1.9417811E-15
,2490.17,1.4874116E-15
,2491.54,1.8259383E-15
,2492.91,2.2589549E-15
,2494.29,1.9025203E-15
,2495.66,1.8952496E-15
,2497.03,1.8501103E-15
,2498.41,1.8726552E-15
,2499.78,1.8631443E-15
,2501.15,1.7503071E-15
,2502.53,1.5580958E-15
,2503.90,1.8854252E-15
,2505.27,1.9245666E-15
,2506.65,1.7301207E-15
,2508.02,2.1582336E-15
,2509.39,1.8843597E-15
,2510.77,1.8145737E-15
,2512.14,2.1634505E-15
,2513.51,1.079198E-15
,2514.89,2.0767537E-15
,2516.26,2.1017492E-15
,2517.63,2.39881E-15
,2519.01,2.1541045E-15
,2520.38,1.5109915E-15
,2521.75,2.1226908E-15
,2523.13,2.1680162E-15
,2524.50,2.025242E-15
,2525.87,2.4035189E-15
,2527.25,1.811594E-15
,2528.62,2.400708E-15
,2529.99,3.227967E-15
,2531.37,2.4909907E-15
,2532.74,2.2886726E-15
,2534.12,3.1793538E-15
,2535.49,2.5574423E-15
,2536.86,2.7682839E-15
,2538.24,2.6857579E-15
,2539.61,1.7068998E-14
,2540.98,2.7482776E-15
,2542.35,2.3309809E-15
,2543.73,2.9225275E-15
,2545.10,2.336504E-15
,2546.47,2.5826757E-15
,2547.85,2.7800077E-15
,2549.22,3.0790425E-15
,2550.59,2.8091464E-15
,2551.97,1.069481E-14
,2553.34,2.0068637E-15
,2554.71,2.7950647E-15
,2556.09,2.3189064E-15
,2557.46,2.4882918E-15
,2558.83,1.9605799E-15
,2560.21,2.4570793E-15
,2561.58,2.5777307E-15
,2562.95,2.6376636E-15
,2564.33,2.9067225E-15
,2565.70,2.3922608E-15
,2567.07,2.1591825E-15
,2568.45,2.0487398E-15
,2569.82,2.0115557E-15
,2571.19,2.4045832E-15
,2572.57,5.0362745E-15
,2573.94,2.5187761E-15
,2575.31,2.27108E-15
,2576.69,2.219069E-15
,2578.06,2.2194328E-15
,2579.43,2.5441901E-15
,2580.81,2.254378E-15
,2582.18,1.8788601E-15
,2583.55,1.8276366E-15
,2584.93,2.3062071E-15
,2586.30,1.9179649E-15
,2587.67,1.9250499E-15
,2589.04,1.8604251E-15
,2590.42,2.0347402E-15
,2591.79,1.3711428E-15
,2593.16,1.513068E-15
,2594.54,1.7771577E-15
,2595.91,2.2863647E-15
,2597.28,1.9185309E-15
,2598.66,1.7767884E-15
,2600.03,1.8062452E-15
,2601.40,1.7539842E-15
,2602.78,2.1461723E-15
,2604.15,1.9908709E-15
,2605.52,1.0419346E-15
,2606.89,1.7515176E-15
,2608.27,1.6491663E-15
,2609.64,2.2389357E-15
,2611.01,1.2677004E-15
,2612.39,1.963931E-15
,2613.76,1.9242776E-15
,2615.13,2.3702567E-15
,2616.51,2.2618708E-15
,2617.88,2.4342276E-15
,2619.25,2.7384353E-15
,2620.62,2.3022938E-15
,2622.00,2.7053349E-15
,2623.37,3.2180239E-15
,2624.74,2.3260838E-15
,2626.12,2.859338E-15
,2627.49,2.3372561E-15
,2628.86,2.7110005E-15
,2630.23,2.4851212E-15
,2631.61,2.7450974E-15
,2632.98,2.5947296E-15
,2634.35,2.6612873E-15
,2635.73,3.2676397E-15
,2637.10,2.8022685E-15
,2638.47,3.3169819E-15
,2639.84,3.0263221E-15
,2641.22,3.0310744E-15
,2642.59,2.8399213E-15
,2643.96,2.7473361E-15
,2645.34,2.6821796E-15
,2646.71,2.9319414E-15
,2648.08,2.7516581E-15
,2649.45,2.7911644E-15
,2650.83,3.1986531E-15
,2652.20,3.3379224E-15
,2653.57,2.7142756E-15
,2654.95,3.1244178E-15
,2656.32,3.282475E-15
,2657.69,3.387398E-15
,2659.06,3.1149707E-15
,2660.44,3.3413008E-15
,2661.81,2.8221545E-15
,2663.18,3.2378417E-15
,2664.55,3.0624561E-15
,2665.93,3.55715E-15
,2667.30,3.6763449E-15
,2668.67,3.1424996E-15
,2670.05,3.6769086E-15
,2671.42,3.6326173E-15
,2672.79,3.5708512E-15
,2674.16,3.3739658E-15
,2675.54,3.1219E-15
,2676.91,3.5044104E-15
,2678.28,3.4241332E-15
,2679.65,3.7441308E-15
,2681.03,3.765219E-15
,2682.40,4.0317616E-15
,2683.77,3.8137934E-15
,2685.14,4.0663257E-15
,2686.52,3.6783249E-15
,2687.89,4.1737485E-15
,2689.26,5.2487921E-15
,2690.63,3.7956067E-15
,2692.01,5.073228E-15
,2693.38,4.3918294E-15
,2694.75,4.4000613E-15
,2696.12,4.3750095E-15
,2697.50,4.3254102E-15
,2698.87,5.0420373E-15
,2700.24,5.134136E-15
,2701.61,4.4116288E-15
,2702.99,6.4729589E-15
,2704.36,5.3779532E-15
,2705.73,5.0186092E-15
,2707.10,5.2484808E-15
,2708.48,5.903538E-15
,2709.85,5.7969279E-15
,2711.22,5.9149556E-15
,2712.59,6.0243257E-15
,2713.97,5.5765507E-15
,2715.34,5.7151625E-15
,2716.71,5.9493328E-15
,2718.08,6.4229505E-15
,2719.46,6.3949323E-15
,2720.83,6.18179E-15
,2722.20,7.1080947E-15
,2723.57,5.7418263E-15
,2724.94,6.6051151E-15
,2726.32,7.1433854E-15
,2727.69,6.897366E-15
,2729.06,6.297338E-15
,2730.43,7.4792433E-15
,2731.81,7.2051638E-15
,2733.18,7.2236647E-15
,2734.55,7.6277451E-15
,2735.92,7.4410642E-15
,2737.30,7.8785677E-15
,2738.67,7.7075831E-15
,2740.04,7.6361299E-15
,2741.41,7.0430832E-15
,2742.78,7.4986057E-15
,2744.16,7.577622E-15
,2745.53,7.2957574E-15
,2746.90,7.6804789E-15
,2748.27,7.8230159E-15
,2749.64,7.4101907E-15
,2751.02,7.6017446E-15
,2752.39,8.2936875E-15
,2753.76,8.442341E-15
,2755.13,8.5263294E-15
,2756.51,8.272676E-15
,2757.88,7.8628366E-15
,2759.25,8.2153226E-15
,2760.62,9.179584E-15
,2761.99,8.9237056E-15
,2763.37,9.3421364E-15
,2764.74,8.8373904E-15
,2766.11,9.0707556E-15
,2767.48,8.2745293E-15
,2768.85,9.000955E-15
,2770.23,1.0033236E-14
,2771.60,1.0338339E-14
,2772.97,9.2604088E-15
,2774.34,1.0180051E-14
,2775.71,1.0798699E-14
,2777.09,9.3669731E-15
,2778.46,1.0294416E-14
,2779.83,1.0218276E-14
,2781.20,1.0304816E-14
,2782.57,1.0838802E-14
,2783.94,1.1647842E-14
,2785.32,1.0343933E-14
,2786.69,1.0433649E-14
,2788.06,1.0359085E-14
,2789.43,1.1379035E-14
,2790.80,1.1426651E-14
,2792.18,1.1930318E-14
,2793.55,1.1678884E-14
,2794.92,1.2122079E-14
,2796.29,1.0563628E-14
,2797.66,7.5126749E-15
,2799.03,9.2089168E-15
,2800.41,9.4122996E-15
,2801.78,5.5088977E-15
,2803.15,6.4593026E-15
,2804.52,8.1604653E-15
,2805.89,9.6554395E-15
,2807.26,1.1307029E-14
,2808.64,7.9836913E-15
,2810.01,6.7746093E-15
,2811.38,1.1893043E-14
,2812.75,1.3938933E-14
,2814.12,1.5217958E-14
,2815.49,1.3311914E-14
,2816.87,1.5126321E-14
,2818.24,1.4706466E-14
,2819.61,1.5433872E-14
,2820.98,1.5334881E-14
,2822.35,1.5560736E-14
,2823.72,1.6238543E-14
,2825.10,1.6847777E-14
,2826.47,1.7231564E-14
,2827.84,1.7333167E-14
,2829.21,1.6365806E-14
,2830.58,1.6035377E-14
,2831.95,1.7429034E-14
,2833.32,1.7311415E-14
,2834.70,1.7927586E-14
,2836.07,1.890513E-14
,2837.44,1.826377E-14
,2838.81,1.7594472E-14
,2840.18,1.9141938E-14
,2841.55,1.9908771E-14
,2842.92,1.8304287E-14
,2844.29,1.9830959E-14
,2845.67,2.1630411E-14
,2847.04,2.1191626E-14
,2848.41,2.1356162E-14
,2849.78,2.2656659E-14
,2851.15,2.2732464E-14
,2852.52,2.1089929E-14
,2853.89,2.028926E-14
,2855.27,2.0630114E-14
,2856.64,2.0467913E-14
,2858.01,1.7299477E-14
,2859.38,1.6272306E-14
,2860.75,2.2456859E-14
,2862.12,2.344668E-14
,2863.49,2.4403853E-14
,2864.86,2.5445308E-14
,2866.23,2.4789034E-14
,2867.61,2.5050784E-14
,2868.98,2.5468185E-14
,2870.35,2.6272438E-14
,2871.72,2.6117878E-14
,2873.09,2.641674E-14
,2874.46,2.8392992E-14
,2875.83,2.7750846E-14
,2877.20,2.739189E-14
,2878.57,2.7486128E-14
,2879.95,2.6961436E-14
,2881.32,2.8776159E-14
,2882.69,2.8525766E-14
,2884.06,3.0064618E-14
,2885.43,2.937476E-14
,2886.80,3.0312145E-14
,2888.17,3.0374662E-14
,2889.54,3.1099987E-14
,2890.91,3.1119913E-14
,2892.28,3.2260449E-14
,2893.65,3.4113378E-14
,2895.03,3.3241496E-14
,2896.40,3.4109068E-14
,2897.77,3.1976486E-14
,2899.14,3.373984E-14
,2900.51,3.4914329E-14
,2901.88,3.4061184E-14
,2903.25,3.5159386E-14
,2904.62,3.3687673E-14
,2905.99,3.4574231E-14
,2907.36,3.4717516E-14
,2908.73,3.5080266E-14
,2910.10,3.3259538E-14
,2911.47,3.4738492E-14
,2912.85,3.526971E-14
,2914.22,3.2800307E-14
,2915.59,3.3706778E-14
,2916.96,3.5611908E-14
,2918.33,3.4543789E-14
,2919.70,3.5520191E-14
,2921.07,3.412441E-14
,2922.44,3.5232471E-14
,2923.81,3.479156E-14
,2925.18,3.3165138E-14
,2926.55,3.3663878E-14
,2927.92,3.4979743E-14
,2929.29,3.2513017E-14
,2930.66,3.4239565E-14
,2932.03,3.6080212E-14
,2933.40,3.5907485E-14
,2934.77,3.4028427E-14
,2936.14,3.5902755E-14
,2937.52,3.5375867E-14
,2938.89,3.3321229E-14
,2940.26,3.6536393E-14
,2941.63,3.5958182E-14
,2943.00,3.601395E-14
,2944.37,3.6437958E-14
,2945.74,3.7762623E-14
,2947.11,3.9507497E-14
,2948.48,3.7003288E-14
,2949.85,3.703743E-14
,2951.22,3.6860194E-14
,2952.59,3.8818094E-14
,2953.96,3.8737819E-14
,2955.33,3.8807099E-14
,2956.70,3.9581077E-14
,2958.07,3.8614704E-14
,2959.44,8.4169556E-14
,2960.81,3.8832127E-14
,2962.18,4.0545316E-14
,2963.55,4.076345E-14
,2964.92,3.9882116E-14
,2966.29,4.1389323E-14
,2967.66,3.9707983E-14
,2969.03,4.188997E-14
,2970.40,4.1649338E-14
,2971.77,4.0053247E-14
,2973.14,4.104642E-14
,2974.51,4.0667166E-14
,2975.88,4.1098777E-14
,2977.25,4.1935646E-14
,2978.62,3.9965017E-14
,2979.99,4.1850566E-14
,2981.36,4.063191E-14
,2982.73,3.9144754E-14
,2984.10,4.1446664E-14
,2985.47,3.9486535E-14
,2986.84,3.9707868E-14
,2988.21,3.8902024E-14
,2989.58,3.9246614E-14
,2990.95,4.0141193E-14
,2992.32,3.922634E-14
,2993.69,3.8191652E-14
,2995.06,3.8498396E-14
,2996.43,3.798999E-14
,2997.80,3.7183693E-14
,2999.17,3.7571512E-14
#,,
3002.07048530217,0.00,
,3004.82,3.2100143E-14
,3007.56,3.149364E-14
,3010.31,3.5992676E-14
,3013.05,3.0049903E-14
,3015.80,3.2321378E-14
,3018.54,3.415102E-14
,3021.29,3.1955544E-14
,3024.03,2.9861127E-14
,3026.78,3.2196691E-14
,3029.53,3.2797417E-14
,3032.27,3.2517459E-14
,3035.02,3.5626802E-14
,3037.76,3.3077114E-14
,3040.51,3.7102218E-14
,3043.25,3.6691993E-14
,3046.00,3.6464192E-14
,3048.75,3.8253241E-14
,3051.49,3.593521E-14
,3054.24,3.8135189E-14
,3056.98,3.8193569E-14
,3059.73,3.8825812E-14
,3062.47,3.7669436E-14
,3065.22,3.879849E-14
,3067.97,4.1940132E-14
,3070.71,4.0586702E-14
,3073.46,4.0178815E-14
,3076.20,4.3436178E-14
,3078.95,4.3089444E-14
,3081.70,4.5350114E-14
,3084.44,4.3595857E-14
,3087.19,4.4882273E-14
,3089.93,4.6300573E-14
,3092.68,4.6379618E-14
,3095.43,4.6328223E-14
,3098.17,4.9432118E-14
,3100.92,5.0268841E-14
,3103.66,5.0645093E-14
,3106.41,5.0663927E-14
,3109.16,5.0815353E-14
,3111.90,5.3479353E-14
,3114.65,5.3403184E-14
,3117.40,5.4110806E-14
,3120.14,5.3713168E-14
,3122.89,5.1364969E-14
,3125.63,5.2190833E-14
,3128.38,5.4157111E-14
,3131.13,5.4158416E-14
,3133.87,5.5733453E-14
,3136.62,5.7009946E-14
,3139.37,5.5147066E-14
,3142.11,5.1765321E-14
,3144.86,5.3364343E-14
,3147.60,5.0768746E-14
,3150.35,5.401006E-14
,3153.10,5.4543613E-14
,3155.84,5.1624995E-14
,3158.59,5.2240862E-14
,3161.34,4.9855787E-14
,3164.08,5.1202037E-14
,3166.83,5.0278249E-14
,3169.58,5.0537404E-14
,3172.32,4.7547385E-14
,3175.07,4.9033775E-14
,3177.82,4.8836501E-14
,3180.56,4.7901502E-14
,3183.31,4.7515604E-14
,3186.06,4.6558782E-14
,3188.80,4.7855671E-14
,3191.55,4.8716958E-14
,3194.30,4.6748534E-14
,3197.04,4.3989189E-14
,3199.79,4.6045511E-14
,3202.54,4.5040787E-14
,3205.28,4.4601862E-14
,3208.03,4.2594004E-14
,3210.78,4.503186E-14
,3213.52,4.1376502E-14
,3216.27,3.9095107E-14
,3219.02,4.1636342E-14
,3221.76,4.0341496E-14
,3224.51,3.8555557E-14
,3227.26,3.9586732E-14
,3230.00,4.0092336E-14
,3232.75,3.9659143E-14
,3235.50,3.7763697E-14
,3238.24,3.6346272E-14
,3240.99,3.7813021E-14
,3243.74,3.7745499E-14
,3246.49,3.7703297E-14
,3249.23,3.7084498E-14
,3251.98,3.7735314E-14
,3254.73,3.8364944E-14
,3257.47,3.6213E-14
,3260.22,3.872206E-14
,3262.97,3.6476247E-14
,3265.71,3.7223917E-14
,3268.46,3.5243286E-14
,3271.21,3.5915735E-14
,3273.96,3.8321055E-14
,3276.70,3.6502526E-14
,3279.45,3.7458365E-14
,3282.20,3.7363514E-14
,3284.94,3.8125532E-14
,3287.69,3.778264E-14
,3290.44,3.9060721E-14
,3293.19,4.0420568E-14
,3295.93,3.8936363E-14
,3298.68,3.8234837E-14
,3301.43,4.0794184E-14
,3304.17,4.0063574E-14
,3306.92,4.0688234E-14
,3309.67,4.1723705E-14
,3312.42,3.9906124E-14
,3315.16,4.1955731E-14
,3317.91,4.3384469E-14
,3320.66,4.3346664E-14
,3323.41,4.5807156E-14
,3326.15,4.7027395E-14
,3328.90,4.7587998E-14
,3331.65,4.9145888E-14
,3334.40,5.0455035E-14
,3337.14,5.0549686E-14
,3339.89,4.8575039E-14
,3342.64,5.0965708E-14
,3345.38,5.166658E-14
,3348.13,5.1855889E-14
,3350.88,5.2789394E-14
,3353.63,5.5578101E-14
,3356.37,5.3026807E-14
,3359.12,5.1638666E-14
,3361.87,5.3223275E-14
,3364.62,4.9216338E-14
,3367.36,5.1176741E-14
,3370.11,5.0979481E-14
,3372.86,5.026141E-14
,3375.61,4.8640196E-14
,3378.36,5.0992075E-14
,3381.10,5.0289999E-14
,3383.85,5.1327852E-14
,3386.60,5.0784389E-14
,3389.35,5.1675559E-14
,3392.09,5.0515964E-14
,3394.84,4.6578376E-14
,3397.59,5.5521278E-14
,3400.34,5.5066703E-14
,3403.08,5.4770458E-14
,3405.83,5.2693757E-14
,3408.58,5.5320511E-14
,3411.33,5.5664173E-14
,3414.07,5.6575319E-14
,3416.82,5.7271421E-14
,3419.57,5.7793458E-14
,3422.32,5.7783944E-14
,3425.07,5.7154111E-14
,3427.81,5.6947238E-14
,3430.56,5.9897894E-14
,3433.31,6.1205849E-14
,3436.06,5.9253058E-14
,3438.80,6.217251E-14
,3441.55,6.4437828E-14
,3444.30,6.3196837E-14
,3447.05,6.544949E-14
,3449.80,6.4504032E-14
,3452.54,6.692076E-14
,3455.29,6.8695775E-14
,3458.04,6.9797358E-14
,3460.79,6.9602439E-14
,3463.53,7.1964468E-14
,3466.28,7.0063767E-14
,3469.03,7.4101498E-14
,3471.78,7.3760679E-14
,3474.53,7.1661562E-14
,3477.27,7.2353798E-14
,3480.02,7.1875679E-14
,3482.77,7.3040993E-14
,3485.52,7.4170447E-14
,3488.27,7.2524824E-14
,3491.01,7.4705236E-14
,3493.76,7.6352919E-14
,3496.51,7.6957395E-14
,3499.26,7.6486716E-14
,3502.01,7.923607E-14
,3504.75,8.0400096E-14
,3507.50,7.9732546E-14
,3510.25,8.0695467E-14
,3513.00,8.3393944E-14
,3515.75,8.2323972E-14
,3518.49,8.2286588E-14
,3521.24,8.4236302E-14
,3523.99,8.3238443E-14
,3526.74,8.5120557E-14
,3529.49,8.4784068E-14
,3532.24,8.6525066E-14
,3534.98,8.2660746E-14
,3537.73,8.5761008E-14
,3540.48,8.7951016E-14
,3543.23,8.6541871E-14
,3545.98,8.714464E-14
,3548.72,8.9785066E-14
,3551.47,9.1792974E-14
,3554.22,9.07476E-14
,3556.97,9.1196527E-14
,3559.72,9.3860581E-14
,3562.46,9.5040302E-14
,3565.21,9.295017E-14
,3567.96,9.5078235E-14
,3570.71,9.4130832E-14
,3573.46,9.3303654E-14
,3576.21,9.6772152E-14
,3578.95,9.4235465E-14
,3581.70,9.5377191E-14
,3584.45,9.6993553E-14
,3587.20,9.693151E-14
,3589.95,9.7106053E-14
,3592.70,9.4743474E-14
,3595.44,9.6523314E-14
,3598.19,9.8702554E-14
,3600.94,9.7434078E-14
,3603.69,9.8090413E-14
,3606.44,9.9300403E-14
,3609.18,9.5772965E-14
,3611.93,9.8682699E-14
,3614.68,9.9317662E-14
,3617.43,1.0103679E-13
,3620.18,9.9244425E-14
,3622.93,9.5181716E-14
,3625.67,9.8728371E-14
,3628.42,9.7674439E-14
,3631.17,9.852839E-14
,3633.92,9.6458872E-14
,3636.67,9.8265099E-14
,3639.42,9.6355941E-14
,3642.16,9.3595955E-14
,3644.91,9.2888452E-14
,3647.66,9.3277653E-14
,3650.41,8.8951727E-14
,3653.16,8.2688366E-14
,3655.91,8.2525065E-14
,3658.66,8.0282867E-14
,3661.40,7.550035E-14
,3664.15,7.3917658E-14
,3666.90,7.3971441E-14
,3669.65,6.902668E-14
,3672.40,6.6534648E-14
,3675.15,6.545111E-14
,3677.89,6.3161112E-14
,3680.64,6.3258589E-14
,3683.39,6.0704046E-14
,3686.14,5.8862983E-14
,3688.89,5.7139982E-14
,3691.64,5.4800562E-14
,3694.38,5.4561106E-14
,3697.13,5.3557453E-14
,3699.88,5.2796661E-14
,3702.63,5.0626637E-14
,3705.38,5.7900685E-14
,3708.13,4.485134E-14
,3710.88,4.6660077E-14
,3713.62,4.52038E-14
,3716.37,4.3457469E-14
,3719.12,4.1425627E-14
,3721.87,4.3828348E-14
,3724.62,4.3174093E-14
,3727.37,4.1245412E-14
,3730.11,4.1423953E-14
,3732.86,4.1720252E-14
,3735.61,4.2009121E-14
,3738.36,4.2497537E-14
,3741.11,4.3929863E-14
,3743.86,4.5680477E-14
,3746.61,4.507313E-14
,3749.35,4.8190496E-14
,3752.10,5.0679492E-14
,3754.85,5.1296566E-14
,3757.60,5.0907202E-14
,3760.35,5.4037846E-14
,3763.10,5.3413864E-14
,3765.85,5.0936635E-14
,3768.59,5.3834992E-14
,3771.34,5.4270939E-14
,3774.09,5.3024002E-14
,3776.84,5.0999481E-14
,3779.59,5.0561514E-14
,3782.34,5.0158723E-14
,3785.08,4.9809942E-14
,3787.83,4.9620847E-14
,3790.58,5.0720123E-14
,3793.33,4.963856E-14
,3796.08,5.0357007E-14
,3798.83,4.8447662E-14
,3801.58,4.8606586E-14
,3804.32,5.0697378E-14
,3807.07,4.88354E-14
,3809.82,5.0944925E-14
,3812.57,4.9356786E-14
,3815.32,4.9462696E-14
,3818.07,4.9420361E-14
,3820.82,5.1101877E-14
,3823.56,5.1570266E-14
,3826.31,5.3534671E-14
,3829.06,5.1834662E-14
,3831.81,5.359131E-14
,3834.56,5.644139E-14
,3837.31,5.7493385E-14
,3840.06,5.9278571E-14
,3842.80,5.6763642E-14
,3845.55,6.184548E-14
,3848.30,6.3579635E-14
,3851.05,6.5510931E-14
,3853.80,6.9547693E-14
,3856.55,7.277598E-14
,3859.30,7.3960728E-14
,3862.04,7.9165793E-14
,3864.79,8.1185038E-14
,3867.54,8.377595E-14
,3870.29,8.6217309E-14
,3873.04,8.8675656E-14
,3875.79,9.0848939E-14
,3878.54,9.2803112E-14
,3881.28,9.5206896E-14
,3884.03,9.7035857E-14
,3886.78,9.6844204E-14
,3889.53,9.708939E-14
,3892.28,1.0030461E-13
,3895.03,1.0044676E-13
,3897.78,9.8208957E-14
,3900.52,1.0224091E-13
,3903.27,1.0116266E-13
,3906.02,1.0181585E-13
,3908.77,1.0222653E-13
,3911.52,1.0080543E-13
,3914.27,1.0339667E-13
,3917.02,1.0352656E-13
,3919.76,1.0416974E-13
,3922.51,1.0469171E-13
,3925.26,1.063514E-13
,3928.01,1.056989E-13
,3930.76,1.0758552E-13
,3933.51,1.096593E-13
,3936.26,1.107577E-13
,3939.00,1.0854635E-13
,3941.75,1.0078414E-13
,3944.50,9.5080058E-14
,3947.25,1.1080926E-13
,3950.00,1.139374E-13
,3952.75,1.1710329E-13
,3955.50,1.1626614E-13
,3958.24,1.1589995E-13
,3960.99,1.1630204E-13
,3963.74,1.1464913E-13
,3966.49,1.1295427E-13
,3969.24,1.1133755E-13
,3971.99,1.087056E-13
,3974.73,1.0514902E-13
,3977.48,9.8788633E-14
,3980.23,9.7254378E-14
,3982.98,1.0176249E-13
,3985.73,1.0110988E-13
,3988.48,9.9462959E-14
,3991.23,1.0078824E-13
,3993.97,9.7547682E-14
,3996.72,1.0033468E-13
,3999.47,1.000412E-13
,4002.22,9.8820495E-14
,4004.97,9.8632989E-14
,4007.72,9.8509193E-14
,4010.47,9.9546422E-14
,4013.21,9.8170881E-14
,4015.96,1.001728E-13
,4018.71,1.025349E-13
,4021.46,1.0219815E-13
,4024.21,1.0256072E-13
,4026.96,1.030434E-13
,4029.70,1.0184728E-13
,4032.45,1.0454684E-13
,4035.20,1.036285E-13
,4037.95,1.0385268E-13
,4040.70,1.0903913E-13
,4043.45,1.0846552E-13
,4046.19,1.089073E-13
,4048.94,1.0950846E-13
,4051.69,1.0859573E-13
,4054.44,1.1148276E-13
,4057.19,1.1114001E-13
,4059.94,1.109956E-13
,4062.69,1.1213344E-13
,4065.43,1.1349832E-13
,4068.18,1.1484353E-13
,4070.93,1.1132244E-13
,4073.68,1.133207E-13
,4076.43,1.1699382E-13
,4079.18,1.1386661E-13
,4081.92,1.17061E-13
,4084.67,1.1707962E-13
,4087.42,1.142551E-13
,4090.17,1.1402907E-13
,4092.92,1.1322783E-13
,4095.67,1.1125903E-13
,4098.41,1.1100742E-13
,4101.16,1.1425873E-13
,4103.91,1.1321302E-13
,4106.66,1.1307952E-13
,4109.41,1.0913154E-13
,4112.16,1.1091356E-13
,4114.90,1.1064836E-13
,4117.65,1.088211E-13
,4120.40,1.1014684E-13
,4123.15,1.0812696E-13
,4125.90,1.0816189E-13
,4128.64,1.0633917E-13
,4131.39,1.0383916E-13
,4134.14,1.023553E-13
,4136.89,1.0023732E-13
,4139.64,1.0259492E-13
,4142.39,1.0137061E-13
,4145.13,1.0068466E-13
,4147.88,1.0192941E-13
,4150.63,1.0195042E-13
,4153.38,9.9810974E-14
,4156.13,9.9816063E-14
,4158.88,1.0082079E-13
,4161.62,1.0200482E-13
,4164.37,1.0250979E-13
,4167.12,1.0366973E-13
,4169.87,1.0243388E-13
,4172.62,1.0079536E-13
,4175.36,1.014163E-13
,4178.11,1.0192555E-13
,4180.86,9.7429667E-14
,4183.61,9.9563336E-14
,4186.36,9.8249805E-14
,4189.10,9.7220639E-14
,4191.85,9.4439437E-14
,4194.60,9.2400297E-14
,4197.35,9.4635251E-14
,4200.10,9.2792839E-14
,4202.85,9.0438528E-14
,4205.59,8.9382901E-14
,4208.34,8.9203181E-14
,4211.09,8.820688E-14
,4213.84,8.6150156E-14
,4216.59,8.4781561E-14
,4219.33,8.2920636E-14
,4222.08,8.149781E-14
,4224.83,8.0902793E-14
,4227.58,8.0389688E-14
,4230.33,8.0515774E-14
,4233.07,7.7479581E-14
,4235.82,7.6877903E-14
,4238.57,7.5352308E-14
,4241.32,7.3040932E-14
,4244.07,7.3042822E-14
,4246.81,7.2925457E-14
,4249.56,7.2436679E-14
,4252.31,7.1366585E-14
,4255.06,7.0258822E-14
,4257.80,6.9484234E-14
,4260.55,6.7839567E-14
,4263.30,6.5482945E-14
,4266.05,6.650671E-14
,4268.80,6.6003233E-14
,4271.54,6.5454986E-14
,4274.29,6.3574898E-14
,4277.04,6.3809215E-14
,4279.79,6.2559563E-14
,4282.54,6.0812304E-14
,4285.28,6.1525024E-14
,4288.03,6.1738233E-14
,4290.78,5.9758357E-14
,4293.53,6.0487341E-14
,4296.27,5.8224055E-14
,4299.02,5.9764327E-14
,4301.77,5.9404718E-14
,4304.52,5.8891883E-14
,4307.27,5.9266096E-14
,4310.01,5.9785605E-14
,4312.76,5.977544E-14
,4315.51,6.1746676E-14
,4318.26,5.8666695E-14
,4321.00,6.1074626E-14
,4323.75,6.0722193E-14
,4326.50,6.1915662E-14
,4329.25,6.2016107E-14
,4331.99,6.2761414E-14
,4334.74,6.2530744E-14
,4337.49,6.4577934E-14
,4340.24,6.3508924E-14
,4342.98,6.4302831E-14
,4345.73,6.5099896E-14
,4348.48,6.505682E-14
,4351.23,6.7133534E-14
,4353.97,6.7489132E-14
,4356.72,6.7913367E-14
,4359.47,6.8445839E-14
,4362.22,6.9354495E-14
,4364.96,7.0914371E-14
,4367.71,7.0141572E-14
,4370.46,7.1634654E-14
,4373.21,7.1093833E-14
,4375.95,7.1557581E-14
,4378.70,7.292234E-14
,4381.45,7.2613112E-14
,4384.20,7.4230823E-14
,4386.94,7.4378885E-14
,4389.69,7.4095251E-14
,4392.44,7.530312E-14
,4395.19,7.5968325E-14
,4397.93,7.6401186E-14
,4400.68,7.7331425E-14
,4403.43,7.5639581E-14
,4406.18,7.5793064E-14
,4408.92,7.4440257E-14
,4411.67,7.3667729E-14
,4414.42,7.2742891E-14
,4417.16,7.2197422E-14
,4419.91,7.1617815E-14
,4422.66,7.0211029E-14
,4425.41,6.8606057E-14
,4428.15,6.7931758E-14
,4430.90,6.6474929E-14
,4433.65,6.6834959E-14
,4436.39,6.6777469E-14
,4439.14,6.5432726E-14
,4441.89,6.593814E-14
,4444.64,6.5226802E-14
,4447.38,6.626023E-14
,4450.13,6.8964528E-14
,4452.88,7.0915685E-14
,4455.62,7.1455042E-14
,4458.37,7.2455517E-14
,4461.12,7.4238934E-14
,4463.87,7.5312193E-14
,4466.61,7.6420891E-14
,4469.36,7.5834697E-14
,4472.11,7.8735385E-14
,4474.85,7.7074279E-14
,4477.60,7.9529197E-14
,4480.35,7.9866296E-14
,4483.09,8.2594874E-14
,4485.84,8.2847086E-14
,4488.59,8.1434852E-14
,4491.33,8.3482849E-14
,4494.08,8.2786757E-14
,4496.83,8.2349573E-14
,4499.58,8.4105418E-14
,4502.32,8.2687038E-14
,4505.07,8.4284122E-14
,4507.82,8.2597347E-14
,4510.56,8.3747455E-14
,4513.31,8.3966342E-14
,4516.06,8.5520295E-14
,4518.80,8.5111205E-14
,4521.55,8.5065554E-14
,4524.30,8.4264606E-14
,4527.04,8.4370736E-14
,4529.79,8.4641942E-14
,4532.54,8.5011425E-14
,4535.28,8.3665815E-14
,4538.03,8.3123416E-14
,4540.78,8.1377132E-14
,4543.52,8.3195054E-14
,4546.27,8.1445694E-14
,4549.02,8.239555E-14
,4551.76,8.1811233E-14
,4554.51,8.1906649E-14
,4557.25,8.1340791E-14
,4560.00,7.9736185E-14
,4562.75,8.2058824E-14
,4565.49,8.3026495E-14
,4568.24,8.1238923E-14
,4570.99,8.145821E-14
,4573.73,8.2441656E-14
,4576.48,8.3651442E-14
,4579.23,8.2171324E-14
,4581.97,8.3502358E-14
,4584.72,8.5067573E-14
,4587.47,8.3902998E-14
,4590.21,8.1869272E-14
,4592.96,8.3336048E-14
,4595.70,8.4092171E-14
,4598.45,8.4358485E-14
,4601.20,8.3868988E-14
,4603.94,8.3123165E-14
,4606.69,8.3292294E-14
,4609.43,8.4296428E-14
,4612.18,8.5576857E-14
,4614.93,8.3402781E-14
,4617.67,8.3469784E-14
,4620.42,8.326489E-14
,4623.17,8.2230595E-14
,4625.91,8.276201E-14
,4628.66,8.0427317E-14
,4631.40,8.0488432E-14
,4634.15,8.0457552E-14
,4636.90,7.8127649E-14
,4639.64,7.7207826E-14
,4642.39,7.7014899E-14
,4645.13,7.7075533E-14
,4647.88,7.5874677E-14
,4650.63,7.3293517E-14
,4653.37,7.202641E-14
,4656.12,7.1766052E-14
,4658.86,7.0135839E-14
,4661.61,7.1029472E-14
,4664.35,7.001184E-14
,4667.10,6.8411273E-14
,4669.85,6.8818601E-14
,4672.59,6.8399876E-14
,4675.34,6.8360214E-14
,4678.08,6.7667368E-14
,4680.83,6.7789775E-14
,4683.57,6.7494004E-14
,4686.32,6.775073E-14
,4689.07,6.6893458E-14
,4691.81,6.6779624E-14
,4694.56,6.6798902E-14
,4697.30,6.8509577E-14
,4700.05,6.8057274E-14
,4702.79,6.8046419E-14
,4705.54,6.778968E-14
,4708.28,6.8550539E-14
,4711.03,6.9167518E-14
,4713.78,6.8131285E-14
,4716.52,6.8894516E-14
,4719.27,6.8035082E-14
,4722.01,6.6647947E-14
,4724.76,6.5840698E-14
,4727.50,6.5873386E-14
,4730.25,6.401236E-14
,4732.99,6.5116457E-14
,4735.74,6.4353877E-14
,4738.48,6.2914436E-14
,4741.23,6.3209054E-14
,4743.97,6.1411217E-14
,4746.72,6.0739215E-14
,4749.46,6.1082981E-14
,4752.21,5.9797165E-14
,4754.96,6.0886111E-14
,4757.70,5.9745056E-14
,4760.45,5.8980192E-14
,4763.19,5.8062638E-14
,4765.94,5.8846218E-14
,4768.68,5.9653088E-14
,4771.43,5.9184991E-14
,4774.17,5.8714386E-14
,4776.92,5.9915018E-14
,4779.66,5.956274E-14
,4782.41,6.0314329E-14
,4785.15,6.187989E-14
,4787.90,6.1430807E-14
,4790.64,6.2123057E-14
,4793.39,6.1845697E-14
,4796.13,6.2588383E-14
,4798.87,6.1954131E-14
,4801.62,6.1625652E-14
,4804.36,6.3266172E-14
,4807.11,6.1163422E-14
,4809.85,6.1118516E-14
,4812.60,6.2752802E-14
,4815.34,6.0828309E-14
,4818.09,6.1351213E-14
,4820.83,5.8621788E-14
,4823.58,5.8387438E-14
,4826.32,5.7260308E-14
,4829.07,5.7668632E-14
,4831.81,5.7676811E-14
,4834.56,5.615618E-14
,4837.30,5.4699446E-14
,4840.04,5.4859752E-14
,4842.79,5.3849571E-14
,4845.53,5.3007156E-14
,4848.28,5.1202718E-14
,4851.02,5.1059072E-14
,4853.77,4.9917949E-14
,4856.51,5.0224402E-14
,4859.25,4.9787523E-14
,4862.00,5.0179299E-14
,4864.74,4.6792587E-14
,4867.49,4.7845157E-14
,4870.23,4.7912961E-14
,4872.98,4.7818608E-14
,4875.72,4.8044112E-14
,4878.46,4.8099203E-14
,4881.21,4.7628344E-14
,4883.95,4.8908617E-14
,4886.70,4.9943075E-14
,4889.44,5.0830681E-14
,4892.18,4.8508157E-14
,4894.93,4.945223E-14
,4897.67,4.9990546E-14
,4900.42,5.0424234E-14
,4903.16,5.0380276E-14
,4905.90,4.9677544E-14
,4908.65,5.0212581E-14
,4911.39,5.0111696E-14
,4914.14,4.9772849E-14
,4916.88,4.8692736E-14
,4919.62,4.8960239E-14
,4922.37,4.9827398E-14
,4925.11,4.8710358E-14
,4927.85,4.8753255E-14
,4930.60,4.8653E-14
,4933.34,5.0671036E-14
,4936.09,4.9831714E-14
,4938.83,4.8583486E-14
,4941.57,4.9841943E-14
,4944.32,4.9137798E-14
,4947.06,5.0378833E-14
,4949.80,4.9802329E-14
,4952.55,5.052087E-14
,4955.29,4.9255599E-14
,4958.03,4.8637882E-14
,4960.78,4.8881435E-14
,4963.52,4.9040063E-14
,4966.26,4.858317E-14
,4969.01,4.8229111E-14
,4971.75,4.7090532E-14
,4974.49,4.826968E-14
,4977.24,4.7847807E-14
,4979.98,4.765552E-14
,4982.72,4.6534421E-14
,4985.47,4.8112972E-14
,4988.21,4.8019531E-14
,4990.95,4.7942631E-14
,4993.70,4.7655771E-14
,4996.44,4.8458684E-14
,4999.18,4.8066728E-14
,5001.93,4.8386544E-14
,5004.67,4.7972375E-14
,5007.41,4.8500741E-14
,5010.15,4.9245323E-14
,5012.90,4.9388336E-14
,5015.64,4.9943475E-14
,5018.38,5.0362672E-14
,5021.13,4.9191987E-14
,5023.87,4.9320845E-14
,5026.61,5.1255072E-14
,5029.35,5.1766429E-14
,5032.10,5.2470171E-14
,5034.84,5.2734157E-14
,5037.58,5.2763031E-14
,5040.32,5.2708014E-14
,5043.07,5.357214E-14
,5045.81,5.22978E-14
,5048.55,5.2457984E-14
,5051.29,5.409027E-14
,5054.04,5.5528482E-14
,5056.78,5.5707541E-14
,5059.52,5.6141659E-14
,5062.26,5.6765255E-14
,5065.01,5.6523576E-14
,5067.75,5.6904127E-14
,5070.49,5.912809E-14
,5073.23,6.0848306E-14
,5075.98,6.0796664E-14
,5078.72,6.035847E-14
,5081.46,6.0603845E-14
,5084.20,6.2545807E-14
,5086.95,6.0518471E-14
,5089.69,6.2533861E-14
,5092.43,6.4943215E-14
,5095.17,6.4755045E-14
,5097.91,6.5414965E-14
,5100.66,6.4091534E-14
,5103.40,6.4209163E-14
,5106.14,6.4083301E-14
,5108.88,6.6583512E-14
,5111.62,6.5959011E-14
,5114.37,6.6429318E-14
,5117.11,6.5908731E-14
,5119.85,6.5547326E-14
,5122.59,6.5548038E-14
,5125.33,6.6822057E-14
,5128.07,6.5573787E-14
,5130.82,6.6587374E-14
,5133.56,6.6171284E-14
,5136.30,6.6987682E-14
,5139.04,6.546698E-14
,5141.78,6.668874E-14
,5144.52,6.4096515E-14
,5147.27,6.2932237E-14
,5150.01,6.5927929E-14
,5152.75,6.407605E-14
,5155.49,6.4061807E-14
,5158.23,6.181248E-14
,5160.97,6.1473552E-14
,5163.71,6.1831176E-14
,5166.45,6.372012E-14
,5169.20,6.4183318E-14
,5171.94,6.3301462E-14
,5174.68,6.243799E-14
,5177.42,6.1970109E-14
,5180.16,6.2574993E-14
,5182.90,6.4344546E-14
,5185.64,6.3784556E-14
,5188.38,6.3422148E-14
,5191.13,6.5246968E-14
,5193.87,6.5899448E-14
,5196.61,6.538864E-14
,5199.35,6.5660442E-14
,5202.09,6.3530459E-14
,5204.83,6.5632382E-14
,5207.57,6.4281154E-14
,5210.31,6.5044128E-14
,5213.05,6.4943961E-14
,5215.79,6.5013512E-14
,5218.53,6.403256E-14
,5221.27,6.2044377E-14
,5224.02,5.9532057E-14
,5226.76,6.0701363E-14
,5229.50,6.126466E-14
,5232.24,5.8360109E-14
,5234.98,5.8321383E-14
,5237.72,5.7109733E-14
,5240.46,5.6547872E-14
,5243.20,5.5622675E-14
,5245.94,5.5014509E-14
,5248.68,5.2464048E-14
,5251.42,5.031907E-14
,5254.16,5.0370278E-14
,5256.90,5.0218219E-14
,5259.64,4.7933754E-14
,5262.38,4.8286248E-14
,5265.12,4.7592569E-14
,5267.86,4.6324771E-14
,5270.60,4.5412594E-14
,5273.34,4.490618E-14
,5276.08,4.400472E-14
,5278.82,4.4512449E-14
,5281.56,4.4485882E-14
,5284.30,4.3444591E-14
,5287.04,4.2042992E-14
,5289.78,4.3028356E-14
,5292.52,4.3405261E-14
,5295.26,4.4445591E-14
,5298.00,4.3656508E-14
,5300.74,4.3624216E-14
,5303.48,4.3817116E-14
,5306.22,4.3783736E-14
,5308.96,4.3111588E-14
,5311.70,4.3582562E-14
,5314.44,4.4904212E-14
,5317.18,4.3912898E-14
,5319.92,4.4118897E-14
,5322.66,4.3533631E-14
,5325.40,4.3421897E-14
,5328.14,4.4594062E-14
,5330.87,4.3976477E-14
,5333.61,4.4259243E-14
,5336.35,4.530187E-14
,5339.09,4.3638843E-14
,5341.83,4.5587259E-14
,5344.57,4.5398845E-14
,5347.31,4.5990958E-14
,5350.05,4.715034E-14
,5352.79,4.7638979E-14
,5355.53,4.7970739E-14
,5358.27,4.9004532E-14
,5361.01,4.8855586E-14
,5363.74,4.8793174E-14
,5366.48,4.992937E-14
,5369.22,5.0185282E-14
,5371.96,5.0771175E-14
,5374.70,5.1142877E-14
,5377.44,4.913485E-14
,5380.18,5.0084472E-14
,5382.92,4.9823447E-14
,5385.65,4.9816698E-14
,5388.39,4.9453947E-14
,5391.13,5.0036337E-14
,5393.87,4.9191408E-14
,5396.61,4.8668504E-14
,5399.35,4.9043597E-14
,5402.09,4.8287736E-14
,5404.82,4.9216839E-14
,5407.56,4.7657167E-14
,5410.30,4.817549E-14
,5413.04,4.7763046E-14
,5415.78,4.7204923E-14
,5418.52,4.7375512E-14
,5421.25,4.7308975E-14
,5423.99,4.6443569E-14
,5426.73,4.5635926E-14
,5429.47,4.5685342E-14
,5432.21,4.4318546E-14
,5434.94,4.4041986E-14
,5437.68,4.3627025E-14
,5440.42,4.3225992E-14
,5443.16,4.2289875E-14
,5445.90,4.1176328E-14
,5448.63,4.1277047E-14
,5451.37,4.0428212E-14
,5454.11,4.0477516E-14
,5456.85,3.9954487E-14
,5459.59,4.0692601E-14
,5462.32,3.9644059E-14
,5465.06,3.9271663E-14
,5467.80,3.7637103E-14
,5470.54,4.0993667E-14
,5473.27,3.8996279E-14
,5476.01,3.9787929E-14
,5478.75,4.0898061E-14
,5481.49,4.1634011E-14
,5484.22,6.254786E-14
,5486.96,4.2267056E-14
,5489.70,4.3266517E-14
,5492.43,4.3817787E-14
,5495.17,4.3381351E-14
,5497.91,4.5095082E-14
,5500.65,4.5524111E-14
,5503.38,4.6843555E-14
,5506.12,4.6615421E-14
,5508.86,4.721463E-14
,5511.59,4.7662144E-14
,5514.33,4.7485975E-14
,5517.07,4.9030048E-14
,5519.80,4.9566152E-14
,5522.54,4.9479853E-14
,5525.28,4.8558932E-14
,5528.02,5.0465823E-14
,5530.75,5.22024E-14
,5533.49,5.1685202E-14
,5536.23,5.2667838E-14
,5538.96,5.2490493E-14
,5541.70,5.273679E-14
,5544.43,5.3992157E-14
,5547.17,5.3561732E-14
,5549.91,5.4782842E-14
,5552.64,5.3579615E-14
,5555.38,5.416817E-14
,5558.12,5.332833E-14
,5560.85,5.443279E-14
,5563.59,5.3604412E-14
,5566.33,5.3513146E-14
,5569.06,5.3372244E-14
,5571.80,5.302183E-14
,5574.53,5.218713E-14
,5577.27,5.3102291E-14
,5580.01,5.339982E-14
,5582.74,5.5225149E-14
,5585.48,5.6055451E-14
,5588.21,5.4881098E-14
,5590.95,5.5709249E-14
,5593.69,5.4359563E-14
,5596.42,5.3593757E-14
,5599.16,5.539481E-14
,5601.89,5.5078141E-14
,5604.63,5.5032615E-14
,5607.36,5.4749848E-14
,5610.10,5.5905469E-14
,5612.83,5.4680788E-14
,5615.57,5.6223835E-14
,5618.31,5.5699132E-14
,5621.04,5.4892058E-14
,5623.78,5.4566015E-14
,5626.51,5.4623288E-14
,5629.25,5.3751525E-14
,5631.98,5.6097745E-14
,5634.72,5.4800304E-14
,5637.45,5.4461606E-14
,5640.19,5.3967393E-14
,5642.92,5.5500709E-14
,5645.66,5.4511351E-14
,5648.39,5.4560438E-14
,5651.13,5.3806118E-14
,5653.86,5.522582E-14
,5656.60,5.3492269E-14
,5659.33,5.6478737E-14
,5662.07,5.5146534E-14
,5664.80,5.4703936E-14
,5667.54,5.3986173E-14
,5670.27,5.4505489E-14
,5673.01,5.4719097E-14
,5675.74,5.4803855E-14
,5678.47,5.2261604E-14
,5681.21,5.3801239E-14
,5683.94,5.324254E-14
,5686.68,5.5402253E-14
,5689.41,5.5298854E-14
,5692.15,5.4597132E-14
,5694.88,5.4262594E-14
,5697.62,5.5537125E-14
