,1651.42,2.2202052E-16
,1652.96,-6.7187119E-16
,1654.51,4.7350545E-16
,1656.05,1.4541743E-16
,1657.59,-6.4737796E-16
,1659.14,-4.2436255E-16
,1660.68,-2.3345578E-16
,1662.23,2.5846252E-16
,1663.77,-4.6124454E-16
,1665.32,-3.299064E-17
,1666.86,1.2892019E-16
,1668.40,-1.6491144E-18
,1669.95,5.5696186E-16
,1671.49,-2.2636508E-16
,1673.04,5.5913671E-17
,1674.58,2.8095325E-17
,1676.12,-5.1476303E-17
,1677.67,4.7109911E-17
,1679.21,-5.92931E-18
,1680.76,-4.4485096E-16
,1682.30,4.1753013E-17
,1683.85,3.0430482E-16
,1685.39,3.7093254E-16
,1686.93,1.30616E-16
,1688.48,6.5370383E-17
,1690.02,2.9822013E-16
,1691.57,-3.1852295E-16
,1693.11,3.5164169E-17
,1694.66,-2.3874042E-16
,1696.20,-2.6646225E-16
,1697.74,2.0206062E-16
,1699.29,6.2821972E-17
,1700.83,-1.4855398E-16
,1702.38,5.6702357E-17
,1703.92,2.284091E-16
,1705.47,4.2894404E-17
,1707.01,8.4274431E-17
,1708.56,-2.7430381E-17
,1710.10,3.8860498E-16
,1711.64,-2.5157479E-16
,1713.19,1.9399789E-16
,1714.73,2.269124E-17
,1716.28,1.1171445E-16
,1717.82,7.2499805E-16
,1719.37,2.0138425E-16
,1720.91,-1.4091257E-16
,1722.46,1.3464824E-16
,1724.00,2.8679996E-16
,1725.54,1.7952697E-16
,1727.09,6.5882595E-18
,1728.63,2.4241358E-16
,1730.18,-1.5084209E-17
,1731.72,2.2565373E-17
,1733.27,1.2965085E-16
,1734.81,-9.1168929E-17
,1736.36,2.3334622E-16
,1737.90,-1.6367075E-16
,1739.45,2.102193E-17
,1740.99,9.0954517E-17
,1742.53,-7.3543695E-17
,1744.08,1.3214563E-17
,1745.62,-6.7430208E-17
,1747.17,6.6313263E-17
,1748.71,1.4527438E-16
,1750.26,3.2107499E-17
,1751.80,-7.4859905E-17
,1753.35,5.8150221E-17
,1754.89,-9.6487475E-17
,1756.44,-1.0899724E-16
,1757.98,-8.7132982E-17
,1759.53,1.9532365E-16
,1761.07,7.075789E-17
,1762.62,-1.6532619E-16
,1764.16,-9.0698826E-17
,1765.71,2.3082844E-16
,1767.25,8.7046426E-17
,1768.79,2.1781215E-16
,1770.34,2.5247583E-16
,1771.88,4.2126416E-17
,1773.43,3.9330739E-16
,1774.97,-5.7205872E-17
,1776.52,5.4858216E-16
,1778.06,2.3630737E-17
,1779.61,-1.1720621E-16
,1781.15,8.4694606E-17
,1782.70,4.6816512E-16
,1784.24,-6.3837836E-17
,1785.79,1.9520478E-18
,1787.33,2.7360406E-16
,1788.88,1.0665628E-16
,1790.42,1.6141851E-17
,1791.97,1.1153436E-16
,1793.51,1.9063946E-17
,1795.06,1.8340626E-16
,1796.60,1.8397268E-16
,1798.15,3.1864064E-16
,1799.69,-1.0134537E-17
,1801.24,-6.9223073E-17
,1802.78,2.4817189E-16
,1804.33,-1.4081954E-17
,1805.87,7.9038252E-17
,1807.42,9.0683771E-17
,1808.96,-5.6988732E-18
,1810.51,-7.1946661E-17
,1812.05,2.2757314E-16
,1813.60,-9.6624172E-17
,1815.14,1.6796084E-16
,1816.69,1.2777168E-16
,1818.23,2.3828294E-16
,1819.78,-5.1572405E-17
,1821.32,1.3680284E-16
,1822.87,1.9127837E-16
,1824.41,1.8407709E-16
,1825.96,4.4355854E-16
,1827.50,1.9737105E-16
,1829.05,1.9557422E-16
,1830.59,2.6543286E-16
,1832.14,1.2392996E-16
,1833.68,4.0944556E-16
,1835.23,2.5597942E-16
,1836.77,6.1125635E-16
,1838.32,3.4308154E-16
,1839.86,1.1346624E-16
,1841.41,2.3296757E-16
,1842.95,1.3515068E-16
,1844.50,3.0684348E-16
,1846.04,2.1025504E-16
,1847.59,1.9307986E-16
,1849.13,4.6040915E-16
,1850.68,7.7712202E-17
,1852.23,2.8406102E-16
,1853.77,9.9279223E-17
,1855.32,8.9917418E-17
,1856.86,3.4355018E-16
,1858.41,1.8213057E-16
,1859.95,1.9694797E-16
,1861.50,1.8582373E-16
,1863.04,1.5828419E-16
,1864.59,3.0775457E-16
,1866.13,3.6331639E-16
,1867.68,2.5435349E-16
,1869.22,1.9259196E-16
,1870.77,4.2029507E-16
,1872.31,3.6249111E-16
,1873.86,5.2558887E-16
,1875.40,3.1897585E-16
,1876.95,5.7204889E-16
,1878.50,3.8792971E-16
,1880.04,4.5358313E-16
,1881.59,2.2640283E-16
,1883.13,4.1731842E-16
,1884.68,3.1942208E-16
,1886.22,4.0299006E-16
,1887.77,6.0928779E-16
,1889.31,5.7020458E-16
,1890.86,3.8787296E-16
,1892.40,6.9827506E-16
,1893.95,6.194777E-16
,1895.50,5.5174472E-16
,1897.04,7.5855496E-16
,1898.59,5.2217342E-16
,1900.13,6.8897882E-16
,1901.68,4.654913E-16
,1903.22,4.091018E-16
,1904.77,5.9289797E-16
,1906.31,6.6111271E-16
,1907.86,6.6232693E-16
,1909.41,5.5437841E-16
,1910.95,5.7178652E-16
,1912.50,2.3890789E-16
,1914.04,5.398475E-16
,1915.59,4.3491367E-16
,1917.13,4.1198378E-16
,1918.68,4.9442737E-16
,1920.23,4.481709E-16
,1921.77,5.9691651E-16
,1923.32,4.9566796E-16
,1924.86,9.7953775E-17
,1926.41,5.0835063E-16
,1927.95,2.459196E-16
,1929.50,2.1230264E-16
,1931.04,5.2566806E-16
,1932.59,3.1898133E-16
,1934.14,3.3074638E-16
,1935.68,3.9974142E-16
,1937.23,5.3174685E-16
,1938.77,3.6525461E-16
,1940.32,5.2604664E-16
,1941.87,2.6709845E-16
,1943.41,2.8784628E-16
,1944.96,3.5287573E-16
,1946.50,1.4981707E-16
,1948.05,3.138854E-16
,1949.59,2.7206891E-16
,1951.14,2.2514072E-16
,1952.69,3.6442049E-16
,1954.23,4.6044018E-16
,1955.78,2.3596874E-16
,1957.32,3.8467784E-16
,1958.87,2.9748345E-16
,1960.42,1.4669764E-16
,1961.96,2.8362946E-16
,1963.51,3.9953774E-16
,1965.05,3.8781533E-16
,1966.60,2.7035627E-16
,1968.14,4.6404785E-16
,1969.69,1.3211876E-16
,1971.24,1.5256693E-16
,1972.78,1.611167E-16
,1974.33,3.4147847E-16
,1975.87,2.505268E-16
,1977.42,3.8524715E-16
,1978.97,3.1152715E-16
,1980.51,3.9307506E-16
,1982.06,3.1359486E-16
,1983.60,2.4742812E-16
,1985.15,2.2981984E-16
,1986.70,3.2156685E-16
,1988.24,2.4761462E-16
,1989.79,4.6692067E-16
,1991.33,4.2369424E-16
,1992.88,4.0555014E-16
,1994.43,5.3519327E-16
,1995.97,3.4927337E-16
,1997.52,3.3039793E-16
,1999.07,2.7091322E-16
,2000.61,2.6880509E-16
,2002.16,2.2517826E-16
,2003.70,5.0058308E-16
,2005.25,3.494517E-16
,2006.80,6.1250583E-16
,2008.34,4.0057146E-16
,2009.89,4.1563234E-16
,2011.43,4.863434E-16
,2012.98,3.7592384E-16
,2014.53,3.9063548E-16
,2016.07,3.7523096E-16
,2017.62,3.6394118E-16
,2019.17,4.2322581E-16
,2020.71,3.9435077E-16
,2022.26,9.4195591E-16
,2023.80,3.6361144E-16
,2025.35,4.8839067E-16
,2026.90,3.657223E-16
,2028.44,6.2914002E-16
,2029.99,4.7872486E-16
,2031.54,3.1893342E-16
,2033.08,2.8652062E-16
,2034.63,5.0181207E-16
,2036.17,3.6734837E-16
,2037.72,3.1138448E-16
,2039.27,3.6484666E-16
,2040.81,4.8677898E-16
,2042.36,3.602586E-16
,2043.91,2.9984286E-16
,2045.45,4.929394E-16
,2047.00,5.0493857E-16
,2048.55,2.9850132E-16
,2050.09,3.1345735E-16
,2051.64,4.3201243E-16
,2053.18,2.9193745E-16
,2054.73,3.4810052E-16
,2056.28,4.606342E-16
,2057.82,2.3408534E-16
,2059.37,4.8078548E-16
,2060.92,3.3968411E-16
,2062.46,2.0236915E-16
,2064.01,2.8410104E-16
,2065.56,2.9859129E-16
,2067.10,3.2445547E-16
,2068.65,3.9818945E-16
,2070.20,2.9758914E-16
,2071.74,3.0171081E-16
,2073.29,2.6622447E-16
,2074.84,2.6774412E-16
,2076.38,4.2526753E-16
,2077.93,4.022448E-16
,2079.48,3.2925936E-16
,2081.02,2.1726235E-16
,2082.57,2.844478E-16
,2084.12,1.363958E-16
,2085.66,3.2384219E-16
,2087.21,3.8205702E-16
,2088.76,3.1822459E-16
,2090.30,2.5295321E-16
,2091.85,2.5397383E-16
,2093.40,2.5919801E-16
,2094.94,2.2254864E-16
,2096.49,1.8340857E-16
,2098.04,2.5568184E-16
,2099.58,2.5551731E-16
,2101.13,2.5766078E-16
,2102.68,1.7629775E-16
,2104.22,2.1023362E-16
,2105.77,2.9989519E-16
,2107.32,2.3214042E-16
,2108.86,1.4245555E-16
,2110.41,1.4066005E-16
,2111.96,2.0887322E-16
,2113.50,1.7077056E-16
,2115.05,2.3084078E-16
,2116.60,1.7376338E-16
,2118.14,6.6362801E-17
,2119.69,6.091591E-17
,2121.24,1.6321265E-16
,2122.78,1.4067658E-16
,2124.33,1.996276E-16
,2125.88,1.5879729E-16
,2127.42,3.2114111E-16
,2128.97,1.2663109E-16
,2130.52,1.6946912E-16
,2132.06,1.0800851E-16
,2133.61,1.8465465E-16
,2135.16,1.8069431E-16
,2136.71,2.4680542E-16
,2138.25,2.0061097E-16
,2139.80,1.1376001E-16
,2141.35,2.0283455E-16
,2142.89,6.1520288E-17
,2144.44,1.1693574E-16
,2145.99,2.2640378E-16
,2147.53,2.1079728E-16
,2149.08,1.5904212E-16
,2150.63,1.6038566E-16
,2152.18,1.6407724E-16
,2153.72,3.0220918E-16
,2155.27,2.420659E-16
,2156.82,1.6816622E-16
,2158.36,1.3765095E-16
,2159.91,3.4767087E-16
,2161.46,8.8830218E-17
,2163.00,1.7091743E-16
,2164.55,2.3658903E-16
,2166.10,2.1959188E-16
,2167.65,1.3609593E-16
,2169.19,1.5383861E-16
,2170.74,1.7107343E-16
,2172.29,2.7039685E-16
,2173.83,1.5317823E-16
,2175.38,1.9921118E-16
,2176.93,2.1041914E-16
,2178.48,1.3867306E-17
,2180.02,1.3042113E-16
,2181.57,1.1106234E-16
,2183.12,2.0188533E-16
,2184.66,1.8466884E-16
,2186.21,1.8077883E-16
,2187.76,1.1430813E-16
,2189.31,1.1780049E-17
,2190.85,1.2966623E-16
,2192.40,1.4050784E-16
,2193.95,6.91406E-17
,2195.50,1.7033846E-16
,2197.04,1.4694383E-16
,2198.59,6.3785664E-17
,2200.14,1.3436916E-16
,2201.68,1.1967552E-16
,2203.23,9.3386818E-17
,2204.78,1.1012095E-16
,2206.33,1.0016579E-16
,2207.87,1.7766812E-17
,2209.42,1.2622846E-16
,2210.97,6.290428E-17
,2212.52,9.7903324E-17
,2214.06,1.2983063E-16
,2215.61,9.9737402E-17
,2217.16,2.6667032E-16
,2218.71,1.0600369E-16
,2220.25,1.3275895E-16
,2221.80,1.0450786E-16
,2223.35,4.9796071E-17
,2224.89,1.3455055E-16
,2226.44,1.3827547E-16
,2227.99,5.3844313E-17
,2229.54,1.4955788E-16
,2231.08,1.3524927E-16
,2232.63,1.424999E-16
,2234.18,8.1605192E-17
,2235.73,8.4427685E-17
,2237.27,1.0051946E-16
,2238.82,1.0063199E-16
,2240.37,1.0429267E-16
,2241.92,6.3780482E-17
,2243.46,9.3571789E-17
,2245.01,8.832933E-17
,2246.56,6.34949E-17
,2248.11,9.4258594E-17
,2249.66,1.2228444E-16
,2251.20,4.2753406E-17
,2252.75,1.1552603E-16
,2254.30,9.454282E-17
,2255.85,1.0619924E-16
,2257.39,7.6712545E-17
,2258.94,1.54688E-16
,2260.49,1.7328673E-16
,2262.04,1.0164876E-16
,2263.58,1.5275277E-16
,2265.13,1.2006687E-16
,2266.68,1.3437051E-16
,2268.23,1.1119483E-16
,2269.77,9.3988946E-17
,2271.32,2.0441733E-16
,2272.87,1.4513086E-16
,2274.42,1.5906961E-16
,2275.97,8.6092257E-17
,2277.51,1.8555018E-16
,2279.06,8.3048437E-17
,2280.61,1.2735271E-16
,2282.16,1.2961337E-16
,2283.70,1.8501191E-16
,2285.25,1.3813981E-16
,2286.80,1.0509093E-16
,2288.35,1.5183705E-16
,2289.90,1.7528614E-16
,2291.44,1.9588754E-16
,2292.99,1.8286782E-16
,2294.54,1.8478315E-16
,2296.09,1.5025168E-16
,2297.63,1.5347389E-16
,2299.18,1.6186189E-16
,2300.73,1.3389009E-16
,2302.28,1.4965943E-16
,2303.83,1.6912342E-16
,2305.37,1.6785632E-16
,2306.92,2.4809987E-16
,2308.47,2.3697634E-16
,2310.02,2.3583401E-16
,2311.57,2.2770469E-16
,2313.11,2.5300652E-16
,2314.66,3.2351582E-16
,2316.21,2.0957294E-16
,2317.76,3.8421984E-16
,2319.31,2.7647629E-16
,2320.85,3.0134846E-16
,2322.40,2.9490908E-16
,2323.95,2.2805555E-16
,2325.50,4.5305002E-16
,2327.05,2.7501815E-16
,2328.59,3.7704496E-16
,2330.14,3.5422177E-16
,2331.69,3.2377472E-16
,2333.24,4.2519132E-16
,2334.79,4.2497731E-16
,2336.33,2.2243787E-16
,2337.88,4.3949594E-16
,2339.43,2.9730139E-16
,2340.98,3.1045457E-16
,2342.53,4.8644832E-16
,2344.07,3.5028052E-16
,2345.62,4.3658339E-16
,2347.17,4.3388193E-16
,2348.72,5.0587518E-16
,2350.27,5.2436273E-16
,2351.82,5.6953145E-16
,2353.36,5.1150319E-16
,2354.91,5.1572432E-16
,2356.46,4.4167911E-16
,2358.01,4.7323E-16
,2359.56,4.3551335E-16
,2361.10,6.1590354E-16
,2362.65,5.4558229E-16
,2364.20,3.5784103E-16
,2365.75,6.5161493E-16
,2367.30,5.3578672E-16
,2368.85,6.5657351E-16
,2370.39,5.7607161E-16
,2371.94,5.5681617E-16
,2373.49,5.2293045E-16
,2375.04,4.7229731E-16
,2376.59,6.2274032E-16
,2378.14,6.2985725E-16
,2379.68,6.0327238E-16
,2381.23,5.3266742E-16
,2382.78,4.2527817E-16
,2384.33,4.4341653E-16
,2385.88,3.8238455E-16
,2387.43,4.1468166E-16
,2388.97,5.1631968E-16
,2390.52,5.4119418E-16
,2392.07,5.548438E-16
,2393.62,4.5596429E-16
,2395.17,5.0045777E-16
,2396.72,4.7111554E-16
,2398.27,3.6605619E-16
,2399.81,5.5859059E-16
,2401.36,5.6723451E-16
,2402.91,5.2843638E-16
,2404.46,5.8249556E-16
,2406.01,6.1129193E-16
,2407.56,4.9840753E-16
,2409.10,6.7259461E-16
,2410.65,5.4308682E-16
,2412.20,6.4118769E-16
,2413.75,4.1153284E-16
,2415.30,5.4909324E-16
,2416.85,4.8846696E-16
,2418.40,4.9316296E-16
,2419.94,5.1698068E-16
,2421.49,5.673892E-16
,2423.04,5.6657743E-16
,2424.59,5.1947879E-16
,2426.14,6.652259E-16
,2427.69,5.1848533E-16
,2429.24,5.6254386E-16
,2430.79,5.0205099E-16
,2432.33,5.4002887E-16
,2433.88,5.5937961E-16
,2435.43,4.1936445E-16
,2436.98,4.47003E-16
,2438.53,4.633834E-16
,2440.08,5.0539677E-16
,2441.63,4.8589219E-16
,2443.17,4.6809486E-16
,2444.72,3.9720567E-16
,2446.27,4.257483E-16
,2447.82,3.80308E-16
,2449.37,5.1601528E-16
,2450.92,4.6815733E-16
,2452.47,4.0739688E-16
,2454.02,3.9933974E-16
,2455.56,3.5176495E-16
,2457.11,3.5839658E-16
,2458.66,3.2835118E-16
,2460.21,4.0958667E-16
,2461.76,4.0750681E-16
,2463.31,3.6844469E-16
,2464.86,3.6583237E-16
,2466.41,3.1518138E-16
,2467.96,3.3079262E-16
,2469.50,3.3672924E-16
,2471.05,3.7841893E-16
,2472.60,3.9999813E-16
,2474.15,3.7536538E-16
,2475.70,2.7402366E-16
,2477.25,3.9825938E-16
,2478.80,3.4743658E-16
,2480.35,3.4377843E-16
,2481.90,3.3806964E-16
,2483.44,3.8561768E-16
,2484.99,3.8737043E-16
,2486.54,3.9983314E-16
,2488.09,3.3662834E-16
,2489.64,2.5294564E-16
,2491.19,3.8927392E-16
,2492.74,4.2227554E-16
,2494.29,3.722588E-16
,2495.84,3.084709E-16
,2497.39,3.374904E-16
,2498.93,4.2089311E-16
,2500.48,4.5441756E-16
,2502.03,4.5052576E-16
,2503.58,4.3078862E-16
,2505.13,3.6926703E-16
,2506.68,3.8905489E-16
,2508.23,3.854866E-16
,2509.78,4.6241318E-16
,2511.33,5.7126152E-16
,2512.88,4.4175534E-16
,2514.43,5.2388866E-16
,2515.97,5.4509799E-16
,2517.52,5.8837248E-16
,2519.07,5.5854777E-16
,2520.62,6.2825254E-16
,2522.17,7.2436966E-16
,2523.72,6.0264864E-16
,2525.27,7.063223E-16
,2526.82,6.9114437E-16
,2528.37,8.3119888E-16
,2529.92,8.6996472E-16
,2531.47,7.5360415E-16
,2533.02,8.2604612E-16
,2534.57,1.082748E-15
,2536.11,9.1364267E-16
,2537.66,1.0208781E-15
,2539.21,9.8274827E-16
,2540.76,1.0331558E-15
,2542.31,1.2225267E-15
,2543.86,1.0180061E-15
,2545.41,1.2775689E-15
,2546.96,1.3048053E-15
,2548.51,1.2487941E-15
,2550.06,1.1288147E-15
,2551.61,1.156716E-15
,2553.16,1.2247261E-15
,2554.71,1.120731E-15
,2556.26,1.2086125E-15
,2557.81,1.246294E-15
,2559.35,1.3378405E-15
,2560.90,1.2023312E-15
,2562.45,1.3787126E-15
,2564.00,1.2138677E-15
,2565.55,1.2942997E-15
,2567.10,1.0994868E-15
,2568.65,1.5186007E-15
,2570.20,1.3968263E-15
,2571.75,1.3603965E-15
,2573.30,1.4321364E-15
,2574.85,1.2888087E-15
,2576.40,1.2821891E-15
,2577.95,1.2312991E-15
,2579.50,1.3171984E-15
,2581.05,1.3009135E-15
,2582.60,1.1279382E-15
,2584.15,1.1968271E-15
,2585.70,9.8850915E-16
,2587.25,1.0391912E-15
,2588.80,8.7778893E-16
,2590.34,1.1343465E-15
,2591.89,1.0088051E-15
,2593.44,1.0472576E-15
,2594.99,1.0623472E-15
,2596.54,8.6135188E-16
,2598.09,7.5857047E-16
,2599.64,6.2631045E-16
,2601.19,4.9786172E-16
,2602.74,7.8135909E-16
,2604.29,8.0731271E-16
,2605.84,8.6087887E-16
,2607.39,7.7351017E-16
,2608.94,8.8204606E-16
,2610.49,6.7196564E-16
,2612.04,6.0935434E-16
,2613.59,6.1106333E-16
,2615.14,5.8497249E-16
,2616.69,5.9169471E-16
,2618.24,6.7928787E-16
,2619.79,6.4942577E-16
,2621.34,6.9630375E-16
,2622.89,7.3511205E-16
,2624.44,5.8526377E-16
,2625.99,6.9131377E-16
,2627.54,5.4542352E-16
,2629.09,7.7728323E-16
,2630.64,7.6610954E-16
,2632.19,6.3329996E-16
,2633.74,6.3007816E-16
,2635.29,6.3476575E-16
,2636.84,5.842072E-16
,2638.39,5.8434108E-16
,2639.94,5.9603316E-16
,2641.49,5.8152623E-16
,2643.04,6.031755E-16
,2644.59,6.0228558E-16
,2646.14,4.5563464E-16
,2647.69,5.0727977E-16
,2649.24,5.0249277E-16
,2650.79,5.0690009E-16
,2652.34,5.2387357E-16
,2653.89,6.060597E-16
,2655.44,4.7912196E-16
,2656.99,5.5878822E-16
,2658.54,4.9725636E-16
,2660.09,5.9623184E-16
,2661.64,6.4260012E-16
,2663.19,6.8615847E-16
,2664.74,6.2399234E-16
,2666.29,6.5575538E-16
,2667.84,6.6000839E-16
,2669.39,5.3044528E-16
,2670.94,6.2612098E-16
,2672.49,6.8918026E-16
,2674.04,6.2342371E-16
,2675.59,7.2719907E-16
,2677.14,6.9920161E-16
,2678.69,7.0492586E-16
,2680.24,7.8841726E-16
,2681.79,8.0652963E-16
,2683.34,8.9908312E-16
,2684.89,8.4429793E-16
,2686.44,1.0050685E-15
,2687.99,1.0114302E-15
,2689.54,1.1022797E-15
,2691.09,1.0624384E-15
,2692.64,1.0053067E-15
,2694.19,1.2020806E-15
,2695.74,1.1309698E-15
,2697.29,1.3593562E-15
,2698.84,1.207426E-15
,2700.39,1.4534118E-15
,2701.94,1.3422193E-15
,2703.49,1.5483953E-15
,2705.04,1.5080225E-15
,2706.59,1.6736977E-15
,2708.14,1.6945214E-15
,2709.69,1.7647939E-15
,2711.24,1.7885526E-15
,2712.79,1.8335877E-15
,2714.34,2.0173949E-15
,2715.89,1.7951375E-15
,2717.44,1.8152611E-15
,2718.99,1.9010873E-15
,2720.54,2.0362924E-15
,2722.09,2.0091975E-15
,2723.64,2.1473935E-15
,2725.19,1.8407123E-15
,2726.74,1.9993812E-15
,2728.29,1.9540303E-15
,2729.85,2.0364974E-15
,2731.40,2.4520524E-15
,2732.95,2.1861889E-15
,2734.50,2.0825734E-15
,2736.05,2.0532134E-15
,2737.60,2.2037639E-15
,2739.15,2.193287E-15
,2740.70,2.3590869E-15
,2742.25,2.207608E-15
,2743.80,2.3379511E-15
,2745.35,2.3755681E-15
,2746.90,2.3163674E-15
,2748.45,2.2563308E-15
,2750.00,2.2468165E-15
,2751.55,2.458266E-15
,2753.10,2.4310968E-15
,2754.65,2.3655741E-15
,2756.20,2.4735683E-15
,2757.75,2.5469658E-15
,2759.30,2.3505728E-15
,2760.86,2.4505542E-15
,2762.41,2.5116325E-15
,2763.96,2.6079145E-15
,2765.51,2.5423762E-15
,2767.06,2.5592675E-15
,2768.61,2.7251377E-15
,2770.16,2.3959159E-15
,2771.71,2.7211467E-15
,2773.26,2.7914113E-15
,2774.81,2.6916253E-15
,2776.36,2.7347585E-15
,2777.91,3.0834689E-15
,2779.46,2.7831561E-15
,2781.01,3.1770999E-15
,2782.56,3.0528192E-15
,2784.12,3.2419369E-15
,2785.67,3.4147013E-15
,2787.22,3.0010547E-15
,2788.77,3.5327923E-15
,2790.32,3.2661194E-15
,2791.87,3.3828419E-15
,2793.42,3.0616387E-15
,2794.97,2.7406103E-15
,2796.52,2.3786828E-15
,2798.07,2.2445412E-15
,2799.62,2.9153019E-15
,2801.17,2.7998937E-15
,2802.73,2.853557E-15
,2804.28,2.2750557E-15
,2805.83,2.4284716E-15
,2807.38,2.4109848E-15
,2808.93,1.7878943E-15
,2810.48,1.8696493E-15
,2812.03,2.268375E-15
,2813.58,2.653386E-15
,2815.13,2.3600004E-15
,2816.68,1.813366E-15
,2818.23,2.0307126E-15
,2819.78,3.1333297E-15
,2821.34,2.8798453E-15
,2822.89,3.0192578E-15
,2824.44,3.3790084E-15
,2825.99,2.9158311E-15
,2827.54,3.2325001E-15
,2829.09,3.1799737E-15
,2830.64,2.9884887E-15
,2832.19,3.1999001E-15
,2833.74,3.2537172E-15
,2835.29,3.1222858E-15
,2836.85,3.421504E-15
,2838.40,3.3083504E-15
,2839.95,3.3949457E-15
,2841.50,3.1354E-15
,2843.05,3.0812894E-15
,2844.60,3.3791746E-15
,2846.15,3.4425733E-15
,2847.70,3.3817147E-15
,2849.25,3.5293123E-15
,2850.81,3.2298662E-15
,2852.36,2.9695747E-15
,2853.91,3.1553673E-15
,2855.46,3.0654366E-15
,2857.01,3.3357697E-15
,2858.56,3.4316295E-15
,2860.11,3.4551992E-15
,2861.66,3.3632805E-15
,2863.22,3.5079474E-15
,2864.77,3.600416E-15
,2866.32,3.1200935E-15
,2867.87,3.360301E-15
,2869.42,3.5040379E-15
,2870.97,3.5527747E-15
,2872.52,3.6664668E-15
,2874.07,3.8218749E-15
,2875.63,3.9499294E-15
,2877.18,4.0549441E-15
,2878.73,4.0231799E-15
,2880.28,4.3326989E-15
,2881.83,4.4831438E-15
,2883.38,4.42185E-15
,2884.93,4.4254443E-15
,2886.48,4.8489663E-15
,2888.04,4.5712636E-15
,2889.59,4.400589E-15
,2891.14,5.0464813E-15
,2892.69,4.516212E-15
,2894.24,4.8940475E-15
,2895.79,5.1968605E-15
,2897.34,5.6316226E-15
,2898.90,5.6543943E-15
,2900.45,5.6871596E-15
,2902.00,6.3038382E-15
,2903.55,6.3340946E-15
,2905.10,6.4847402E-15
,2906.65,7.0979658E-15
,2908.20,7.0185828E-15
,2909.76,7.6448865E-15
,2911.31,7.5968894E-15
,2912.86,7.8175373E-15
,2914.41,7.8459612E-15
,2915.96,8.1341268E-15
,2917.51,8.5491112E-15
,2919.06,8.3939915E-15
,2920.62,9.0221723E-15
,2922.17,9.0079955E-15
,2923.72,9.6510866E-15
,2925.27,9.2476677E-15
,2926.82,9.3336009E-15
,2928.37,9.8105626E-15
,2929.93,9.5777759E-15
,2931.48,1.0325155E-14
,2933.03,1.013808E-14
,2934.58,1.0356742E-14
,2936.13,1.0390657E-14
,2937.68,1.0288304E-14
,2939.24,1.0370098E-14
,2940.79,1.1014855E-14
,2942.34,1.079888E-14
,2943.89,1.0851447E-14
,2945.44,1.0964008E-14
,2946.99,1.0944321E-14
,2948.55,1.1020881E-14
,2950.10,1.0448982E-14
,2951.65,1.0785068E-14
,2953.20,1.0879581E-14
,2954.75,1.1216232E-14
,2956.30,1.1608721E-14
,2957.86,1.0941049E-14
,2959.41,1.0790143E-14
,2960.96,1.0795806E-14
,2962.51,1.0818929E-14
,2964.06,1.0893775E-14
,2965.61,1.0993367E-14
,2967.17,1.1180804E-14
,2968.72,1.0365446E-14
,2970.27,1.0503389E-14
,2971.82,1.0495394E-14
,2973.37,1.0588848E-14
,2974.93,1.0935055E-14
,2976.48,1.0194182E-14
,2978.03,9.9409481E-15
,2979.58,1.0538658E-14
,2981.13,9.8553274E-15
,2982.69,1.0298517E-14
,2984.24,1.0259606E-14
,2985.79,9.6956787E-15
,2987.34,9.5646977E-15
,2988.89,9.1938667E-15
,2990.44,8.7311284E-15
,2992.00,8.9059331E-15
,2993.55,9.2528371E-15
,2995.10,8.4512475E-15
,2996.65,8.1911618E-15
,2998.20,8.4940989E-15
,2999.76,8.4225416E-15
#,,
,3000.93,8.2548689E-15
,3003.67,7.186081E-15
,3006.42,1.0150152E-14
,3009.16,8.3527571E-15
,3011.91,7.8528679E-15
,3014.65,7.7197566E-15
,3017.40,5.3645104E-15
,3020.15,4.2008663E-15
,3022.89,6.8306719E-15
,3025.64,7.5003929E-15
,3028.38,7.8321215E-15
,3031.13,4.5410656E-15
,3033.88,6.4839262E-15
,3036.62,9.1471334E-15
,3039.37,5.5550598E-15
,3042.11,5.6211271E-15
,3044.86,8.218338E-15
,3047.61,8.0785293E-15
,3050.35,7.6201218E-15
,3053.10,5.4866491E-15
,3055.84,7.7103054E-15
,3058.59,7.6545131E-15
,3061.34,5.5026754E-15
,3064.08,7.07849E-15
,3066.83,8.8372955E-15
,3069.57,7.0219726E-15
,3072.32,5.6982481E-15
,3075.07,7.578995E-15
,3077.81,6.054279E-15
,3080.56,6.7232347E-15
,3083.31,4.7910509E-15
,3086.05,8.336832E-15
,3088.80,5.3745007E-15
,3091.54,6.8927365E-15
,3094.29,6.9934776E-15
,3097.04,6.911874E-15
,3099.78,5.3096857E-15
,3102.53,5.0111181E-15
,3105.28,6.2896427E-15
,3108.02,5.4885524E-15
,3110.77,7.7111288E-15
,3113.52,5.5703864E-15
,3116.26,6.5024187E-15
,3119.01,7.4530065E-15
,3121.76,6.0813692E-15
,3124.50,7.2119062E-15
,3127.25,7.6394139E-15
,3129.99,7.6624201E-15
,3132.74,8.4731196E-15
,3135.49,8.0892739E-15
,3138.23,7.2162633E-15
,3140.98,6.4122762E-15
,3143.73,8.7483138E-15
,3146.47,7.5512276E-15
,3149.22,9.0390384E-15
,3151.97,8.8633265E-15
,3154.71,9.3965304E-15
,3157.46,8.8423955E-15
,3160.21,9.1617421E-15
,3162.95,1.0297025E-14
,3165.70,8.2218303E-15
,3168.45,9.1219494E-15
,3171.19,9.780232E-15
,3173.94,1.1055598E-14
,3176.69,1.1988368E-14
,3179.44,1.1854628E-14
,3182.18,1.0982063E-14
,3184.93,1.3000108E-14
,3187.68,1.3882582E-14
,3190.42,1.3434449E-14
,3193.17,1.3779444E-14
,3195.92,1.2920019E-14
,3198.66,1.3595483E-14
,3201.41,1.3646882E-14
,3204.16,1.4330042E-14
,3206.90,1.4039057E-14
,3209.65,1.256352E-14
,3212.40,1.5143902E-14
,3215.15,1.4359965E-14
,3217.89,1.3939458E-14
,3220.64,1.3404692E-14
,3223.39,1.3114251E-14
,3226.13,1.3678393E-14
,3228.88,1.2993311E-14
,3231.63,1.2099137E-14
,3234.38,1.1488345E-14
,3237.12,1.1504786E-14
,3239.87,1.181771E-14
,3242.62,1.1676879E-14
,3245.36,1.0148626E-14
,3248.11,1.0404789E-14
,3250.86,1.000076E-14
,3253.61,8.8062085E-15
,3256.35,1.1341728E-14
,3259.10,8.3239952E-15
,3261.85,8.6240863E-15
,3264.60,8.1269279E-15
,3267.34,8.4620667E-15
,3270.09,1.0161627E-14
,3272.84,1.0072737E-14
,3275.58,9.9354754E-15
,3278.33,8.3043246E-15
,3281.08,8.9341063E-15
,3283.83,9.2454231E-15
,3286.57,1.070514E-14
,3289.32,8.8178789E-15
,3292.07,8.2764097E-15
,3294.82,9.4353499E-15
,3297.56,8.9293866E-15
,3300.31,8.537052E-15
,3303.06,9.2582615E-15
,3305.81,9.6676275E-15
,3308.55,9.6886805E-15
,3311.30,9.1351148E-15
,3314.05,9.7098402E-15
,3316.80,9.0269428E-15
,3319.54,9.2224109E-15
,3322.29,8.5356391E-15
,3325.04,9.5038698E-15
,3327.79,1.0160007E-14
,3330.53,9.0924108E-15
,3333.28,1.0061232E-14
,3336.03,8.7800699E-15
,3338.78,9.6728189E-15
,3341.53,9.8730872E-15
,3344.27,1.0612157E-14
,3347.02,1.1567748E-14
,3352.52,1.1543603E-14
,3355.26,1.2150189E-14
,3358.01,1.2063898E-14
,3360.76,1.1677297E-14
,3363.51,1.1489869E-14
,3366.26,1.1992722E-14
,3369.00,1.0633555E-14
,3371.75,1.2191845E-14
,3374.50,1.0768448E-14
,3377.25,1.1230004E-14
,3379.99,1.1044511E-14
,3382.74,1.203184E-14
,3385.49,1.1392807E-14
,3388.24,1.1402379E-14
,3390.99,1.2472839E-14
,3393.73,1.3860829E-14
,3396.48,1.2496212E-14
,3399.23,1.2015829E-14
,3401.98,1.1111017E-14
,3404.73,1.2605105E-14
,3407.47,1.4293774E-14
,3410.22,1.308149E-14
,3412.97,1.3785147E-14
,3415.72,1.4406989E-14
,3418.47,1.3365016E-14
,3421.21,1.3022888E-14
,3423.96,1.4215346E-14
,3426.71,1.6747971E-14
,3429.46,1.6219853E-14
,3432.21,1.542259E-14
,3434.95,1.5910065E-14
,3437.70,1.6144487E-14
,3440.45,1.5646225E-14
,3443.20,1.5705463E-14
,3445.95,1.5234108E-14
,3448.69,1.6054053E-14
,3451.44,1.6583862E-14
,3454.19,1.5987478E-14
,3456.94,1.6386379E-14
,3459.69,1.7588654E-14
,3462.43,1.57435E-14
,3465.18,1.6383736E-14
,3467.93,1.5311386E-14
,3470.68,1.7034551E-14
,3473.43,1.6844351E-14
,3476.18,1.5795286E-14
,3478.92,1.6355813E-14
,3481.67,1.5439664E-14
,3484.42,1.6328459E-14
,3487.17,1.6886955E-14
,3489.92,1.6182729E-14
,3492.66,1.6350231E-14
,3495.41,1.6073489E-14
,3498.16,1.7279084E-14
,3500.91,1.7710668E-14
,3503.66,1.6628446E-14
,3506.41,1.8723126E-14
,3509.15,1.8025368E-14
,3511.90,1.9146409E-14
,3514.65,1.9204343E-14
,3517.40,2.0191158E-14
,3520.15,1.9448349E-14
,3522.90,2.160461E-14
,3525.64,2.1392703E-14
,3528.39,2.178274E-14
,3531.14,2.1814339E-14
,3533.89,2.3405367E-14
,3536.64,2.3919867E-14
,3539.39,2.1643194E-14
,3542.13,2.4217414E-14
,3544.88,2.4338599E-14
,3547.63,2.6125461E-14
,3550.38,2.4302629E-14
,3553.13,2.5501718E-14
,3555.88,2.6182063E-14
,3558.62,2.5133819E-14
,3561.37,2.4769591E-14
,3564.12,2.611479E-14
,3566.87,2.7041493E-14
,3569.62,2.5133395E-14
,3572.37,2.6013954E-14
,3575.12,2.496239E-14
,3577.86,2.7184372E-14
,3580.61,2.7591078E-14
,3583.36,2.7923854E-14
,3586.11,2.7118104E-14
,3588.86,2.7573843E-14
,3591.61,2.8034641E-14
,3594.36,2.7253861E-14
,3597.10,2.7862148E-14
,3599.85,2.7435548E-14
,3602.60,2.8111643E-14
,3605.35,2.8241144E-14
,3608.10,2.8888987E-14
,3610.85,2.6989932E-14
,3613.60,2.7784976E-14
,3616.34,2.597097E-14
,3619.09,2.5796333E-14
,3621.84,2.7436505E-14
,3624.59,2.6102247E-14
,3627.34,2.4832978E-14
,3630.09,2.5046863E-14
,3632.84,2.5176462E-14
,3635.58,2.4874115E-14
,3638.33,2.4101062E-14
,3641.08,2.4685379E-14
,3643.83,2.3004361E-14
,3646.58,2.3904262E-14
,3649.33,2.1896161E-14
,3652.08,2.5125301E-14
,3654.82,2.3832827E-14
,3657.57,2.5912154E-14
,3660.32,2.5820231E-14
,3663.07,2.7114114E-14
,3665.82,2.5641185E-14
,3668.57,2.5919235E-14
,3671.32,2.5604393E-14
,3674.06,2.7997454E-14
,3676.81,2.8829959E-14
,3679.56,2.7335459E-14
,3682.31,2.8549676E-14
,3685.06,2.9075375E-14
,3687.81,2.8273028E-14
,3690.56,2.9952993E-14
,3693.31,2.7965267E-14
,3696.05,3.0834818E-14
,3698.80,2.9450045E-14
,3701.55,2.9313039E-14
,3704.30,2.6102166E-14
,3707.05,2.6698411E-14
,3709.80,2.5669874E-14
,3712.55,2.3981441E-14
,3715.30,2.2154897E-14
,3718.04,2.3510121E-14
,3720.79,2.1221811E-14
,3723.54,1.8844001E-14
,3726.29,1.9087755E-14
,3729.04,1.9192252E-14
,3731.79,1.7303245E-14
,3734.54,1.7512254E-14
,3737.29,1.6261943E-14
,3740.03,1.5933025E-14
,3742.78,1.4559072E-14
,3745.53,1.5461745E-14
,3748.28,1.472561E-14
,3751.03,1.4013441E-14
,3753.78,1.4721048E-14
,3756.53,1.4448381E-14
,3759.28,1.423012E-14
,3762.02,1.3604036E-14
,3764.77,1.4303979E-14
,3767.52,1.4294132E-14
,3770.27,1.3841135E-14
,3773.02,1.4075137E-14
,3775.77,1.3813763E-14
,3778.52,1.4456911E-14
,3781.27,1.3373124E-14
,3784.02,1.3861014E-14
,3786.76,1.3402897E-14
,3789.51,1.3482094E-14
,3792.26,1.3656365E-14
,3795.01,1.3474819E-14
,3797.76,1.279373E-14
,3800.51,1.2796543E-14
,3803.26,1.2042127E-14
,3806.01,1.2789985E-14
,3808.75,1.3769979E-14
,3811.50,1.3227757E-14
,3814.25,1.2771668E-14
,3817.00,1.3337037E-14
,3819.75,1.3665593E-14
,3822.50,1.2916137E-14
,3825.25,1.2852939E-14
,3828.00,1.3438395E-14
,3830.74,1.3663654E-14
,3833.49,1.4624527E-14
,3836.24,1.4999603E-14
,3838.99,1.4367525E-14
,3841.74,1.5239005E-14
,3844.49,1.5107456E-14
,3847.24,1.5654819E-14
,3849.99,1.6219476E-14
,3852.74,1.69229E-14
,3855.48,1.8555278E-14
,3858.23,1.8085458E-14
,3860.98,1.897677E-14
,3863.73,1.9746598E-14
,3866.48,1.9967294E-14
,3869.23,2.1299663E-14
,3871.98,2.2126491E-14
,3874.73,2.2533994E-14
,3877.47,2.3759828E-14
,3880.22,2.5498853E-14
,3882.97,2.5367368E-14
,3885.72,2.6726221E-14
,3888.47,2.7589737E-14
,3891.22,2.871771E-14
,3893.97,2.88859E-14
,3896.72,3.0746371E-14
,3899.47,3.2149298E-14
,3902.21,3.3626754E-14
,3904.96,3.4565321E-14
,3907.71,3.3975484E-14
,3910.46,3.4368633E-14
,3913.21,3.4873197E-14
,3915.96,3.5828521E-14
,3918.71,3.4779942E-14
,3921.46,3.579156E-14
,3924.20,3.7615446E-14
,3926.95,3.638346E-14
,3929.70,3.8437244E-14
,3932.45,3.8086189E-14
,3935.20,3.7968354E-14
,3937.95,3.5923345E-14
,3940.70,3.6711851E-14
,3943.45,3.7495428E-14
,3946.20,3.7901668E-14
,3948.94,3.7929078E-14
,3951.69,3.7570966E-14
,3954.44,3.8694925E-14
,3957.19,3.6930559E-14
,3959.94,3.8487693E-14
,3962.69,3.8718239E-14
,3965.44,4.0121572E-14
,3968.19,3.8803518E-14
,3970.93,3.8736318E-14
,3973.68,3.8243619E-14
,3976.43,3.8932101E-14
,3979.18,3.878963E-14
,3981.93,3.7641273E-14
,3984.68,3.7574432E-14
,3987.43,3.7230693E-14
,3990.18,3.4281433E-14
,3992.92,3.2666625E-14
,3995.67,3.0673404E-14
,3998.42,2.9818616E-14
,4001.17,2.963753E-14
,4003.92,2.8591363E-14
,4006.67,2.8203512E-14
,4009.42,2.7119715E-14
,4012.17,2.7813289E-14
,4014.91,2.6741867E-14
,4017.66,2.6457337E-14
,4020.41,2.6443718E-14
,4023.16,2.7051847E-14
,4025.91,2.6057829E-14
,4028.66,2.6083199E-14
,4031.41,2.5412068E-14
,4034.16,2.6424616E-14
,4036.90,2.7108222E-14
,4039.65,2.6796443E-14
,4042.40,2.6791454E-14
,4045.15,2.688182E-14
,4047.90,2.8142959E-14
,4050.65,2.9680031E-14
,4053.40,2.8422197E-14
,4056.14,2.9912504E-14
,4058.89,2.9663758E-14
,4061.64,2.9915438E-14
,4064.39,3.0552512E-14
,4067.14,3.0446721E-14
,4069.89,3.0871356E-14
,4072.64,3.1885861E-14
,4075.39,3.1819484E-14
,4078.13,3.2579242E-14
,4080.88,3.307028E-14
,4083.63,3.2822428E-14
,4086.38,3.4526669E-14
,4089.13,3.35325E-14
,4091.88,3.5367563E-14
,4094.63,3.5840532E-14
,4097.37,3.5760718E-14
,4100.12,3.5055336E-14
,4102.87,3.5732037E-14
,4105.62,3.4475955E-14
,4108.37,3.6055933E-14
,4111.12,3.662914E-14
,4113.87,3.5678336E-14
,4116.61,3.6139169E-14
,4119.36,3.6634829E-14
,4122.11,3.6669906E-14
,4124.86,3.5943237E-14
,4127.61,3.600648E-14
,4130.36,3.6694775E-14
,4133.11,3.6293813E-14
,4135.85,3.6953229E-14
,4138.60,3.6412103E-14
,4141.35,3.5940248E-14
,4144.10,3.5603932E-14
,4146.85,3.5667964E-14
,4149.60,3.5418971E-14
,4152.34,3.5351581E-14
,4155.09,3.5501529E-14
,4157.84,3.5444151E-14
,4160.59,3.501274E-14
,4163.34,3.4892577E-14
,4166.09,3.3975576E-14
,4168.84,3.3633859E-14
,4171.58,3.4055082E-14
,4174.33,3.3370899E-14
,4177.08,3.3359678E-14
,4179.83,3.3430822E-14
,4182.58,3.2312677E-14
,4185.33,3.2955934E-14
,4188.07,3.3120438E-14
,4190.82,3.2310465E-14
,4193.57,3.3125693E-14
,4196.32,3.3855348E-14
,4199.07,3.2091866E-14
,4201.82,3.1517442E-14
,4204.56,3.2624639E-14
,4207.31,3.2114807E-14
,4210.06,3.330459E-14
,4212.81,3.2196888E-14
,4215.56,3.2323428E-14
,4218.31,3.1774137E-14
,4221.05,3.203154E-14
,4223.80,3.2010185E-14
,4226.55,3.1189735E-14
,4229.30,3.1184887E-14
,4232.05,3.1381531E-14
,4234.80,3.1071144E-14
,4237.54,3.0413175E-14
,4240.29,2.933989E-14
,4243.04,2.9437895E-14
,4245.79,2.9241658E-14
,4248.54,2.865811E-14
,4251.28,2.8255235E-14
,4254.03,2.8784941E-14
,4256.78,2.8138694E-14
,4259.53,2.7545921E-14
,4262.28,2.6878832E-14
,4265.03,2.7311456E-14
,4267.77,2.7010302E-14
,4270.52,2.7507437E-14
,4273.27,2.6741572E-14
,4276.02,2.6313636E-14
,4278.77,2.5858312E-14
,4281.51,2.5558552E-14
,4284.26,2.6564325E-14
,4287.01,2.5325594E-14
,4289.76,2.5217011E-14
,4292.51,2.5505732E-14
,4295.25,2.4446958E-14
,4298.00,2.502654E-14
,4300.75,2.4967014E-14
,4303.50,2.3696617E-14
,4306.25,2.320041E-14
,4308.99,2.2656076E-14
,4311.74,2.2888036E-14
,4314.49,2.2799713E-14
,4317.24,2.0927962E-14
,4319.99,2.0176221E-14
,4322.73,2.0103102E-14
,4325.48,1.9712969E-14
,4328.23,1.8746359E-14
,4330.98,1.8449323E-14
,4333.73,1.7443666E-14
,4336.47,1.7455596E-14
,4339.22,1.7415333E-14
,4341.97,1.7588964E-14
,4344.72,1.7285742E-14
,4347.46,1.7086269E-14
,4350.21,1.7972753E-14
,4352.96,1.78123E-14
,4355.71,1.8634964E-14
,4358.46,1.905633E-14
,4361.20,1.9636067E-14
,4363.95,2.004875E-14
,4366.70,1.9113627E-14
,4369.45,2.0768572E-14
,4372.19,2.0354998E-14
,4374.94,2.0771216E-14
,4377.69,2.0642066E-14
,4380.44,2.0854402E-14
,4383.18,2.1224481E-14
,4385.93,2.0001724E-14
,4388.68,2.0752848E-14
,4391.43,2.1433208E-14
,4394.18,2.1326299E-14
,4396.92,2.0633645E-14
,4399.67,2.1588908E-14
,4402.42,2.0656516E-14
,4405.17,2.1799348E-14
,4407.91,2.0534635E-14
,4410.66,2.1468745E-14
,4413.41,2.1887784E-14
,4416.16,2.1586745E-14
,4418.90,2.1364116E-14
,4421.65,2.1134363E-14
,4424.40,2.121179E-14
,4427.15,2.1179169E-14
,4429.89,2.1944691E-14
,4432.64,2.2408265E-14
,4435.39,2.1666542E-14
,4438.14,2.2285598E-14
,4440.88,2.20064E-14
,4443.63,2.2051945E-14
,4446.38,2.1772923E-14
,4449.12,2.1559914E-14
,4451.87,2.1429017E-14
,4454.62,2.169432E-14
,4457.37,2.1906217E-14
,4460.11,2.1606503E-14
,4462.86,2.2088171E-14
,4465.61,2.1370999E-14
,4468.36,2.2261339E-14
,4471.10,2.3447063E-14
,4473.85,2.2647254E-14
,4476.60,2.3075644E-14
,4479.34,2.3930207E-14
,4482.09,2.3412814E-14
,4484.84,2.3956462E-14
,4487.59,2.5483003E-14
,4490.33,2.5506402E-14
,4493.08,2.4800559E-14
,4495.83,2.5877261E-14
,4498.57,2.7232058E-14
,4501.32,2.8636283E-14
,4504.07,2.7831541E-14
,4506.82,2.9267689E-14
,4509.56,2.9006189E-14
,4512.31,2.9166133E-14
,4515.06,3.0085621E-14
,4517.80,3.1179635E-14
,4520.55,2.9897519E-14
,4523.30,3.0866626E-14
,4526.04,3.1333633E-14
,4528.79,3.0736061E-14
,4531.54,3.1359071E-14
,4534.29,3.1154427E-14
,4537.03,3.1354266E-14
,4539.78,3.1589992E-14
,4542.53,3.2258118E-14
,4545.27,3.267845E-14
,4548.02,3.255068E-14
,4550.77,3.2132896E-14
,4553.51,3.2883872E-14
,4556.26,3.316629E-14
,4559.01,3.3151457E-14
,4561.75,3.3101428E-14
,4564.50,3.1987007E-14
,4567.25,3.3451987E-14
,4569.99,3.3238E-14
,4572.74,3.2639293E-14
,4575.49,3.2390245E-14
,4578.23,3.2636098E-14
,4580.98,3.1806982E-14
,4583.73,3.1252036E-14
,4586.47,3.0799351E-14
,4589.22,3.233265E-14
,4591.97,3.1149833E-14
,4594.71,3.1266822E-14
,4597.46,3.0652167E-14
,4600.21,3.0982842E-14
,4602.95,3.0835035E-14
,4605.70,3.0659245E-14
,4608.45,3.1118778E-14
,4611.19,3.148167E-14
,4613.94,3.1339762E-14
,4616.68,3.1556731E-14
,4619.43,3.051484E-14
,4622.18,3.1206432E-14
,4624.92,3.1650369E-14
,4627.67,3.1513627E-14
,4630.42,3.17057E-14
,4633.16,3.1919623E-14
,4635.91,3.1467647E-14
,4638.66,3.1243054E-14
,4641.40,3.3025594E-14
,4644.15,3.0513234E-14
,4646.89,3.0884298E-14
,4649.64,3.1241221E-14
,4652.39,3.0497597E-14
,4655.13,2.9561707E-14
,4657.88,3.0385508E-14
,4660.62,2.9621444E-14
,4663.37,2.991636E-14
,4666.12,2.997981E-14
,4668.86,2.8229721E-14
,4671.61,2.8369436E-14
,4674.35,2.7418211E-14
,4677.10,2.6980049E-14
,4679.85,2.5736544E-14
,4682.59,2.5395842E-14
,4685.34,2.5072277E-14
,4688.08,2.4214539E-14
,4690.83,2.4708519E-14
,4693.58,2.3086379E-14
,4696.32,2.3138114E-14
,4699.07,2.2531285E-14
,4701.81,2.352366E-14
,4704.56,2.3403749E-14
,4707.31,2.2894657E-14
,4710.05,2.244451E-14
,4712.80,2.2332982E-14
,4715.54,2.2945945E-14
,4718.29,2.3161435E-14
,4721.03,2.2591392E-14
,4723.78,2.2882385E-14
,4726.52,2.1818081E-14
,4729.27,2.2059913E-14
,4732.02,2.2368861E-14
,4734.76,2.2271962E-14
,4737.51,2.2003951E-14
,4740.25,2.1437086E-14
,4743.00,2.1871018E-14
,4745.74,2.1881814E-14
,4748.49,2.0623177E-14
,4751.23,2.0528499E-14
,4753.98,2.1195078E-14
,4756.73,2.1286361E-14
,4759.47,1.9950757E-14
,4762.22,2.0115823E-14
,4764.96,1.9692699E-14
,4767.71,2.0472514E-14
,4770.45,1.9413822E-14
,4773.20,1.8895741E-14
,4775.94,1.8382187E-14
,4778.69,1.8602846E-14
,4781.43,1.8177861E-14
,4784.18,1.7072921E-14
,4786.92,1.7614016E-14
,4789.67,1.7116444E-14
,4792.41,1.7135317E-14
,4795.16,1.7312708E-14
,4797.90,1.7457488E-14
,4800.65,1.7455487E-14
,4803.39,1.773628E-14
,4806.14,1.7913664E-14
,4808.88,1.7942067E-14
,4811.63,1.7842075E-14
,4814.37,1.7840779E-14
,4817.12,1.8511039E-14
,4819.86,1.8863825E-14
,4822.61,1.8997011E-14
,4825.35,1.8685481E-14
,4828.10,1.8571345E-14
,4830.84,1.9201022E-14
,4833.59,1.8676783E-14
,4836.33,1.885733E-14
,4839.08,1.9364537E-14
,4841.82,1.8823859E-14
,4844.57,1.8408545E-14
,4847.31,1.8892773E-14
,4850.06,1.8390346E-14
,4852.80,1.8842785E-14
,4855.55,1.8054543E-14
,4858.29,1.8616866E-14
,4861.03,1.7592649E-14
,4863.78,1.6177875E-14
,4866.52,1.5985043E-14
,4869.27,1.500165E-14
,4872.01,1.5081249E-14
,4874.76,1.4824369E-14
,4877.50,1.3925171E-14
,4880.25,1.3697478E-14
,4882.99,1.3392261E-14
,4885.73,1.3650801E-14
,4888.48,1.3075475E-14
,4891.22,1.334575E-14
,4893.97,1.2843489E-14
,4896.71,1.2906526E-14
,4899.46,1.2793066E-14
,4902.20,1.2713048E-14
,4904.94,1.3107742E-14
,4907.69,1.3689951E-14
,4910.43,1.3259594E-14
,4913.18,1.3989762E-14
,4915.92,1.4676332E-14
,4918.67,1.4893285E-14
,4921.41,1.4933931E-14
,4924.15,1.502299E-14
,4926.90,1.5703926E-14
,4929.64,1.631185E-14
,4932.38,1.6481742E-14
,4935.13,1.7211376E-14
,4937.87,1.7797233E-14
,4940.62,1.7868567E-14
,4943.36,1.7995901E-14
,4946.10,1.8693941E-14
,4948.85,1.8575485E-14
,4951.59,1.8388458E-14
,4954.34,1.8801072E-14
,4957.08,1.8686617E-14
,4959.82,1.8719432E-14
,4962.57,1.8453839E-14
,4965.31,1.8320132E-14
,4968.05,1.7440708E-14
,4970.80,1.8421767E-14
,4973.54,1.7618536E-14
,4976.28,1.8539752E-14
,4979.03,1.8496084E-14
,4981.77,1.7229748E-14
,4984.51,1.7157586E-14
,4987.26,1.681533E-14
,4990.00,1.6589625E-14
,4992.74,1.7321258E-14
,4995.49,1.7504195E-14
,4998.23,1.7467413E-14
,5000.97,1.6788786E-14
,5003.72,1.6494146E-14
,5006.46,1.7010751E-14
,5009.20,1.6274498E-14
,5011.95,1.6582244E-14
,5014.69,1.6685922E-14
,5017.43,1.6608317E-14
,5020.18,1.638159E-14
,5022.92,1.6024833E-14
,5025.66,1.6126301E-14
,5028.41,1.6404821E-14
,5031.15,1.6025731E-14
,5033.89,1.6059545E-14
,5036.64,1.5900897E-14
,5039.38,1.6429712E-14
,5042.12,1.547148E-14
,5044.86,1.6174414E-14
,5047.61,1.7289789E-14
,5050.35,1.6913164E-14
,5053.09,1.6426339E-14
,5055.83,1.7071007E-14
,5058.58,1.7621843E-14
,5061.32,1.7244698E-14
,5064.06,1.6728586E-14
,5066.81,1.7277653E-14
,5069.55,1.7541974E-14
,5072.29,1.7164408E-14
,5075.03,1.8003994E-14
,5077.78,1.7856864E-14
,5080.52,1.782086E-14
,5083.26,1.8317958E-14
,5086.00,1.806611E-14
,5088.75,1.8610632E-14
,5091.49,1.8364211E-14
,5094.23,1.9513022E-14
,5096.97,1.8929726E-14
,5099.71,1.9564721E-14
,5102.46,2.0099521E-14
,5105.20,2.0493447E-14
,5107.94,1.967539E-14
,5110.68,1.9902574E-14
,5113.43,2.0552043E-14
,5116.17,2.0274108E-14
,5118.91,2.1444628E-14
,5121.65,2.0807361E-14
,5124.39,2.0381132E-14
,5127.14,2.172693E-14
,5129.88,2.2010236E-14
,5132.62,2.120314E-14
,5135.36,2.2161208E-14
,5138.10,2.2534832E-14
,5140.85,2.2341045E-14
,5143.59,2.2346366E-14
,5146.33,2.2290924E-14
,5149.07,2.2749237E-14
,5151.81,2.2555579E-14
,5154.55,2.3262264E-14
,5157.30,2.2340628E-14
,5160.04,2.2829488E-14
,5162.78,2.3284661E-14
,5165.52,2.2825222E-14
,5168.26,2.2440473E-14
,5171.00,2.2743592E-14
,5173.75,2.2291168E-14
,5176.49,2.189744E-14
,5179.23,2.2133884E-14
,5181.97,2.2709333E-14
,5184.71,2.2157304E-14
,5187.45,2.2617616E-14
,5190.19,2.2440935E-14
,5192.94,2.1496768E-14
,5195.68,2.2604966E-14
,5198.42,2.1944655E-14
,5201.16,2.2381631E-14
,5203.90,2.214507E-14
,5206.64,2.1103209E-14
,5209.38,2.206799E-14
,5212.12,2.2839408E-14
,5214.86,2.2365256E-14
,5217.61,2.2920535E-14
,5220.35,2.1303773E-14
,5223.09,2.2685011E-14
,5225.83,2.3833789E-14
,5228.57,2.2151894E-14
,5231.31,2.3841984E-14
,5234.05,2.3789627E-14
,5236.79,2.4004317E-14
,5239.53,2.4325124E-14
,5242.27,2.4076835E-14
,5245.01,2.3687891E-14
,5247.75,2.4174364E-14
,5250.49,2.3556176E-14
,5253.24,2.3526457E-14
,5255.98,2.3262171E-14
,5258.72,2.4268814E-14
,5261.46,2.3801177E-14
,5264.20,2.3082153E-14
,5266.94,2.262991E-14
,5269.68,2.1934569E-14
,5272.42,2.1730188E-14
,5275.16,2.1295064E-14
,5277.90,2.0815357E-14
,5280.64,2.0477791E-14
,5283.38,2.0031238E-14
,5286.12,1.8956628E-14
,5288.86,1.8995966E-14
,5291.60,1.7844409E-14
,5294.34,1.7506975E-14
,5297.08,1.748474E-14
,5299.82,1.7243502E-14
,5302.56,1.6849471E-14
,5305.30,1.7246833E-14
,5308.04,1.6697967E-14
,5310.78,1.6572195E-14
,5313.52,1.6520376E-14
,5316.26,1.6470081E-14
,5319.00,1.5107393E-14
,5321.74,1.5459557E-14
,5327.22,1.4981878E-14
,5329.96,1.5911065E-14
,5332.70,1.5564862E-14
,5335.44,1.5563812E-14
,5338.18,1.605307E-14
,5340.92,1.5561461E-14
,5343.66,1.6370123E-14
,5346.39,1.5778736E-14
,5349.13,1.6093628E-14
,5351.87,1.5792165E-14
,5354.61,1.5597649E-14
,5357.35,1.5638451E-14
,5360.09,1.685387E-14
,5362.83,1.6467898E-14
,5365.57,1.6637148E-14
,5368.31,1.6489307E-14
,5371.05,1.6740786E-14
,5373.79,1.6551666E-14
,5376.53,1.6783504E-14
,5379.27,1.670937E-14
,5382.00,1.7087982E-14
,5384.74,1.746299E-14
,5387.48,1.7576364E-14
,5390.22,1.7033297E-14
,5392.96,1.7069994E-14
,5395.70,1.7591987E-14
,5398.44,1.7044553E-14
,5401.18,1.8151797E-14
,5403.91,1.8104243E-14
,5406.65,1.7837506E-14
,5409.39,1.7122256E-14
,5412.13,1.7657237E-14
,5414.87,1.7407743E-14
,5417.61,1.8220185E-14
,5420.35,1.7790197E-14
,5423.08,1.7891365E-14
,5425.82,1.7560363E-14
,5428.56,1.760186E-14
,5431.30,1.7025664E-14
,5434.04,1.7526467E-14
,5436.78,1.7555686E-14
,5439.51,1.6494249E-14
,5442.25,1.5994118E-14
,5444.99,1.721658E-14
,5447.73,1.6021894E-14
,5450.47,1.5877429E-14
,5453.21,1.5586584E-14
,5455.94,1.5440533E-14
,5458.68,1.5585672E-14
,5461.42,1.5083834E-14
,5464.16,1.4347163E-14
,5466.89,1.4695071E-14
,5469.63,1.5068147E-14
,5472.37,1.4111309E-14
,5475.11,1.3960543E-14
,5477.85,1.3990943E-14
,5483.32,1.3057491E-14
,5486.06,1.3358928E-14
,5488.80,1.3546102E-14
,5491.53,1.228028E-14
,5494.27,1.2896771E-14
,5497.01,1.3071163E-14
,5499.75,1.278873E-14
#,,
,5503.68,1.2810448E-14
,5508.56,1.2953483E-14
,5513.44,1.235542E-14
,5518.32,1.3771583E-14
,5523.20,1.3680595E-14
,5528.07,1.3761701E-14
,5532.95,1.4939439E-14
,5537.83,1.4812706E-14
,5542.71,1.5623867E-14
,5547.59,1.5778572E-14
,5552.47,1.6919788E-14
,5557.34,1.7197369E-14
,5562.22,1.7796343E-14
,5567.10,1.8483538E-14
,5571.98,1.8791907E-14
,5576.86,1.9518893E-14
,5581.74,1.9876724E-14
,5586.61,1.9306807E-14
,5591.49,1.9847349E-14
,5596.37,2.0797928E-14
,5601.25,2.0280178E-14
,5606.13,2.0493051E-14
,5611.01,2.0109131E-14
,5615.89,2.0237631E-14
,5620.77,1.9886689E-14
,5625.64,1.9854706E-14
,5630.52,1.9625696E-14
,5635.40,1.9993291E-14
,5640.28,1.915697E-14
,5645.16,1.944189E-14
,5650.04,2.0011485E-14
,5654.92,1.9509823E-14
,5659.80,1.9389646E-14
,5664.68,1.9687236E-14
,5669.55,1.9252895E-14
,5674.43,1.9369116E-14
,5679.31,1.9690836E-14
,5684.19,1.9443906E-14
,5689.07,1.8858148E-14
,5693.95,1.8473177E-14
,5698.83,1.8700712E-14
,5703.71,1.8941175E-14
,5708.59,1.8775947E-14
,5713.47,1.8569498E-14
,5718.35,1.8838967E-14
,5723.23,1.9035327E-14
,5728.11,1.8929275E-14
,5732.98,1.8391526E-14
,5737.86,1.8217332E-14
,5742.74,1.803057E-14
,5747.62,1.7630488E-14
,5752.50,1.7653512E-14
,5757.38,1.6882E-14
,5762.26,1.6496148E-14
,5767.14,1.5701904E-14
,5772.02,1.5459859E-14
,5776.90,1.5240757E-14
,5781.78,1.3745337E-14
,5786.66,1.3783821E-14
,5791.54,1.3690879E-14
,5796.42,1.3517843E-14
,5801.30,1.3485615E-14
,5806.18,1.2836302E-14
,5811.06,1.3411632E-14
,5815.94,1.3738563E-14
,5820.82,1.456235E-14
,5825.70,1.4423174E-14
,5830.58,1.4415284E-14
,5835.46,1.4874886E-14
,5840.34,1.5166293E-14
,5845.22,1.5923669E-14
,5850.10,1.5651039E-14
,5854.98,1.5510637E-14
,5859.86,1.6027064E-14
,5864.74,1.6165043E-14
,5869.62,1.6619723E-14
,5874.50,1.7491337E-14
,5879.38,1.7124533E-14
,5884.26,1.7378038E-14
,5889.14,1.7301138E-14
,5894.02,1.7044249E-14
,5898.90,1.7331883E-14
,5903.78,1.7443309E-14
,5908.66,1.7778112E-14
,5913.54,1.7598985E-14
,5918.42,1.7542069E-14
,5923.30,1.7937075E-14
,5928.18,1.8202826E-14
,5933.06,1.8871071E-14
,5937.95,1.8111392E-14
,5942.83,1.8535539E-14
,5947.71,1.8510868E-14
,5952.59,1.9297435E-14
,5957.47,1.8416943E-14
,5962.35,1.8108243E-14
,5967.23,1.7708611E-14
,5972.11,1.8093212E-14
,5976.99,1.7786828E-14
,5981.87,1.8495938E-14
,5986.75,1.8053438E-14
,5991.63,1.8384489E-14
,5996.51,1.774059E-14
,6001.39,1.8060716E-14
,6006.28,1.762561E-14
,6011.16,1.8331473E-14
,6016.04,1.8212933E-14
,6020.92,1.7867023E-14
,6025.80,1.8069559E-14
,6030.68,1.8207742E-14
,6035.56,1.788673E-14
,6040.44,1.764226E-14
,6045.32,1.7275993E-14
,6050.20,1.7574551E-14
,6055.08,1.7239038E-14
,6059.97,1.7212516E-14
,6069.73,1.72371E-14
,6074.61,1.6798689E-14
,6079.49,1.6649366E-14
,6084.37,1.6087519E-14
,6089.25,1.5482468E-14
,6094.13,1.4837925E-14
,6099.02,1.4379641E-14
,6103.90,1.3250966E-14
,6108.78,1.2247547E-14
,6113.66,1.1346859E-14
,6118.54,1.0348031E-14
,6123.42,9.4995177E-15
,6128.30,8.6177971E-15
,6133.18,8.0012748E-15
,6138.07,7.4779508E-15
,6142.95,7.127136E-15
,6147.83,6.8429666E-15
,6152.71,6.5867582E-15
,6157.59,5.826029E-15
,6162.47,6.251173E-15
,6167.35,5.7963697E-15
,6172.24,5.9413923E-15
,6177.12,5.9848316E-15
,6182.00,5.8042873E-15
,6186.88,5.7991874E-15
,6191.76,6.1972225E-15
,6196.64,6.1940843E-15
,6201.53,6.7151086E-15
,6206.41,7.1400431E-15
,6211.29,7.1947936E-15
,6216.17,7.8429237E-15
,6221.05,8.0997415E-15
,6225.93,8.409875E-15
,6230.82,8.6354594E-15
,6235.70,9.5147406E-15
,6240.58,9.9116314E-15
,6245.46,1.0260615E-14
,6250.34,1.1421783E-14
,6255.22,1.1202673E-14
,6260.11,1.224273E-14
,6264.99,1.2504452E-14
,6269.87,1.2862331E-14
,6274.75,1.3201407E-14
,6279.63,1.3515033E-14
,6284.52,1.4305817E-14
,6289.40,1.4371591E-14
,6294.28,1.4579749E-14
,6299.16,1.5103402E-14
,6304.04,1.5236205E-14
,6308.93,1.5732136E-14
,6313.81,1.5635801E-14
,6318.69,1.6361846E-14
,6323.57,1.6424228E-14
,6328.45,1.6585183E-14
,6333.34,1.6203359E-14
,6338.22,1.6423488E-14
,6343.10,1.7099506E-14
,6347.98,1.7278866E-14
,6352.86,1.7175582E-14
,6357.75,1.721699E-14
,6362.63,1.6999972E-14
,6367.51,1.7351461E-14
,6372.39,1.7188789E-14
,6377.27,1.7034781E-14
,6382.16,1.7229841E-14
,6387.04,1.7324871E-14
,6391.92,1.7649349E-14
,6396.80,1.69432E-14
,6401.69,1.7000827E-14
,6406.57,1.7027641E-14
,6411.45,1.7340836E-14
,6416.33,1.726855E-14
,6421.21,1.654916E-14
,6426.10,1.6773963E-14
,6430.98,1.6982668E-14
,6435.86,1.6577548E-14
,6440.74,1.6424619E-14
,6445.63,1.6708086E-14
,6450.51,1.6631058E-14
,6455.39,1.6163039E-14
,6460.27,1.6494713E-14
,6465.16,1.5816238E-14
,6470.04,1.58455E-14
,6474.92,1.5824473E-14
,6479.80,1.5669103E-14
,6484.68,1.5214738E-14
,6489.57,1.5233418E-14
,6494.45,1.4808962E-14
,6499.33,1.4799827E-14
,6504.21,1.4388801E-14
,6509.10,1.5137676E-14
,6513.98,1.4546383E-14
,6518.86,1.447157E-14
,6523.74,1.4429606E-14
,6528.63,1.4395906E-14
,6533.51,1.4176175E-14
,6538.39,1.4175655E-14
,6543.27,1.3479904E-14
,6548.16,1.4131604E-14
,6553.04,1.3704915E-14
,6557.92,1.3856919E-14
,6562.81,1.3749229E-14
,6567.69,1.3665681E-14
,6572.57,1.3689892E-14
,6577.45,1.297763E-14
,6582.34,1.337268E-14
,6587.22,1.3471894E-14
,6592.10,1.2844875E-14
,6596.98,1.2881324E-14
,6601.87,1.263168E-14
,6606.75,1.2917153E-14
,6611.63,1.2909179E-14
,6616.51,1.2576323E-14
,6621.40,1.2724657E-14
,6626.28,1.221259E-14
,6631.16,1.2463913E-14
,6636.04,1.1844749E-14
,6640.93,1.2151904E-14
,6645.81,1.2377611E-14
,6650.69,1.205914E-14
,6655.58,1.1452102E-14
,6660.46,1.1743911E-14
,6665.34,1.128991E-14
,6670.22,1.1491178E-14
,6675.11,1.1522304E-14
,6679.99,1.1233858E-14
,6684.87,1.1207513E-14
,6689.75,1.1267539E-14
,6694.64,1.0891553E-14
,6699.52,1.0975209E-14
,6704.40,1.0727787E-14
,6709.29,1.0696756E-14
,6714.17,1.0438663E-14
,6719.05,1.0659706E-14
,6723.93,1.0670901E-14
,6728.82,1.0629196E-14
,6733.70,1.0694645E-14
,6738.58,1.0626839E-14
,6743.47,1.0358219E-14
,6748.35,1.0436579E-14
,6753.23,9.9469993E-15
,6758.11,1.0425283E-14
,6763.00,9.8590239E-15
,6767.88,1.0249519E-14
,6772.76,1.0026658E-14
,6777.65,9.9357439E-15
,6782.53,9.946486E-15
,6787.41,9.7718108E-15
,6792.29,9.61286E-15
,6797.18,9.2004067E-15
,6802.06,9.2204263E-15
,6806.94,9.1343965E-15
,6811.83,9.256703E-15
,6816.71,9.0546696E-15
,6821.59,8.6773757E-15
,6826.47,8.72613E-15
,6831.36,8.9657777E-15
,6836.24,8.7769385E-15
,6841.12,8.8393419E-15
,6846.01,8.3085843E-15
,6850.89,8.387787E-15
,6855.77,8.7560134E-15
,6860.65,8.6338229E-15
,6865.54,8.7458066E-15
,6870.42,8.8678344E-15
,6875.30,8.9338123E-15
,6880.19,8.8796742E-15
,6885.07,8.7552697E-15
,6889.95,8.7834479E-15
,6894.83,9.075886E-15
,6899.72,8.9090815E-15
,6904.60,8.524836E-15
,6909.48,8.6054761E-15
,6914.37,8.9394172E-15
,6919.25,8.6774604E-15
,6924.13,8.6777772E-15
,6929.02,8.760401E-15
,6933.90,8.4924565E-15
,6938.78,8.396104E-15
,6943.66,8.2857102E-15
,6948.55,7.9476204E-15
,6953.43,7.9875597E-15
,6958.31,7.959428E-15
,6963.20,8.1978322E-15
,6968.08,8.3004426E-15
,6972.96,8.162854E-15
,6977.84,8.2670297E-15
,6982.73,8.1346003E-15
,6987.61,8.2715258E-15
,6992.49,8.5225109E-15
,6997.38,8.3141874E-15
,7002.26,8.301963E-15
,7007.14,8.2927278E-15
,7012.02,8.6643602E-15
,7016.91,8.2181915E-15
,7021.79,8.2173478E-15
,7026.67,8.2225647E-15
,7031.56,8.0564997E-15
,7036.44,8.1492599E-15
,7041.32,8.1548029E-15
,7046.21,8.1027172E-15
,7051.09,8.0301425E-15
,7055.97,8.1210792E-15
,7060.85,7.7868476E-15
,7065.74,7.7476672E-15
,7070.62,8.1513199E-15
,7075.50,7.9071296E-15
,7080.39,7.7287716E-15
,7085.27,8.033623E-15
,7090.15,8.051863E-15
,7095.03,8.0146952E-15
,7099.92,7.71842E-15
,7104.80,7.9032248E-15
,7109.68,7.710147E-15
,7114.57,8.2583493E-15
,7119.45,7.7904204E-15
,7124.33,8.1119744E-15
,7129.21,7.746312E-15
,7134.10,7.8892268E-15
,7138.98,7.9895349E-15
,7143.86,7.9256814E-15
,7148.74,8.0391524E-15
,7153.63,7.8781391E-15
,7158.51,7.8221697E-15
,7163.39,7.6439912E-15
,7168.28,8.1073665E-15
,7173.16,8.0487341E-15
,7178.04,7.489932E-15
,7182.92,7.8771455E-15
,7187.81,7.7827115E-15
,7192.69,8.0448691E-15
,7197.57,7.9442153E-15
,7202.46,7.6527512E-15
,7207.34,7.4030171E-15
,7212.22,7.1937636E-15
,7217.10,7.4966566E-15
,7221.99,7.5993145E-15
,7226.87,7.5489126E-15
,7231.75,7.5605585E-15
,7236.63,7.6356505E-15
,7241.52,8.159249E-15
,7246.40,7.695872E-15
,7251.28,7.7765561E-15
,7256.17,7.361006E-15
,7261.05,7.4675932E-15
,7265.93,7.2643511E-15
,7270.81,7.6039943E-15
,7275.70,7.3078225E-15
,7280.58,7.0540646E-15
,7285.46,7.5523541E-15
,7290.34,7.4223574E-15
,7295.23,7.4890842E-15
,7300.11,7.2836465E-15
,7304.99,7.2379304E-15
,7309.87,7.355629E-15
,7314.76,7.1227856E-15
,7319.64,6.9579225E-15
,7324.52,6.9694057E-15
,7329.40,7.0703894E-15
,7334.29,6.9888426E-15
,7339.17,6.930288E-15
,7344.05,6.9064394E-15
,7348.93,7.1433948E-15
,7353.82,6.7782871E-15
,7358.70,6.647554E-15
,7363.58,6.8416389E-15
,7368.46,6.8175065E-15
,7373.35,6.7603055E-15
,7378.23,6.4309494E-15
,7383.11,6.2070435E-15
,7387.99,6.0719104E-15
,7392.88,6.3478254E-15
,7397.76,6.2948477E-15
,7402.64,6.0785706E-15
,7407.52,5.9171625E-15
,7412.41,6.2574944E-15
,7417.29,6.078513E-15
,7422.17,5.9806663E-15
,7427.05,6.1083997E-15
,7431.94,6.146545E-15
,7436.82,6.1336925E-15
,7441.70,6.0092147E-15
,7446.58,5.8164922E-15
,7451.46,5.7693159E-15
,7456.35,5.6040471E-15
,7461.23,5.7711595E-15
,7466.11,5.8096859E-15
,7470.99,5.7310461E-15
,7475.88,5.5900138E-15
,7480.76,5.4302105E-15
,7485.64,5.2329437E-15
,7490.52,5.1730428E-15
,7495.40,5.2393901E-15
,7500.29,4.9272999E-15
,7505.17,4.5557464E-15
,7510.05,4.4994615E-15
,7514.93,4.0095927E-15
,7519.81,3.98856E-15
,7524.70,3.8267962E-15
,7529.58,3.8564771E-15
,7534.46,4.0505022E-15
,7539.34,3.7839266E-15
,7544.23,3.7297448E-15
,7549.11,3.7655155E-15
,7553.99,4.0031467E-15
,7558.87,3.7939707E-15
,7563.75,4.2695373E-15
,7568.63,4.3265003E-15
,7573.52,4.5424225E-15
,7578.40,4.3483169E-15
,7583.28,5.0863439E-15
,7588.16,5.0722074E-15
,7593.04,5.3975451E-15
,7597.93,5.1832593E-15
,7602.81,5.2937387E-15
,7607.69,5.2043106E-15
,7612.57,5.1121204E-15
,7617.45,5.0866514E-15
,7622.34,5.2878386E-15
,7627.22,5.1449383E-15
,7632.10,5.6506309E-15
,7636.98,5.4877172E-15
,7641.86,5.6410628E-15
,7646.74,5.7501873E-15
,7651.63,5.6855875E-15
,7656.51,5.4193371E-15
,7661.39,5.203467E-15
,7666.27,5.6245944E-15
,7671.15,5.6847854E-15
,7676.03,6.0147047E-15
,7680.92,5.9495658E-15
,7685.80,6.1965043E-15
,7690.68,6.1562964E-15
,7695.56,5.9514263E-15
,7700.44,5.9578485E-15
,7705.32,5.8191638E-15
,7710.20,5.9743313E-15
,7715.09,6.086589E-15
,7719.97,6.4985736E-15
,7724.85,6.1353544E-15
,7729.73,6.2654964E-15
,7734.61,6.4136479E-15
,7739.49,6.1669318E-15
,7744.37,6.0060146E-15
,7749.26,6.1579105E-15
,7754.14,6.0482303E-15
,7759.02,6.1667196E-15
,7763.90,6.3484501E-15
,7768.78,6.5038561E-15
,7773.66,6.7983038E-15
,7778.54,6.6005809E-15
,7783.42,6.3551281E-15
,7788.31,6.4668179E-15
,7793.19,6.4874164E-15
,7798.07,6.3307789E-15
,7802.95,6.0511839E-15
,7807.83,6.344785E-15
,7812.71,6.6481037E-15
,7817.59,6.9640012E-15
,7822.47,6.8568634E-15
,7827.35,7.2659621E-15
,7832.24,7.3117299E-15
,7837.12,6.875402E-15
,7842.00,6.8403594E-15
,7846.88,6.4997073E-15
,7851.76,7.0036695E-15
,7856.64,6.418396E-15
,7861.52,6.7350948E-15
,7866.40,6.933403E-15
,7871.28,6.6702265E-15
,7876.16,6.8476316E-15
,7881.04,6.6177901E-15
,7885.92,7.1215007E-15
,7890.81,7.0707104E-15
,7895.69,7.5063882E-15
,7900.57,7.8678832E-15
,7905.45,7.456232E-15
,7910.33,7.2709367E-15
,7915.21,6.8856947E-15
,7920.09,6.6507828E-15
,7924.97,6.7798177E-15
,7929.85,7.2263591E-15
,7934.73,7.248321E-15
,7939.61,7.3174278E-15
,7944.49,7.5442336E-15
,7949.37,7.2169935E-15
,7954.25,6.8286297E-15
,7959.13,6.8112935E-15
,7964.01,6.5622891E-15
,7968.89,6.5648886E-15
,7973.77,6.3420482E-15
,7978.65,6.8059542E-15
,7983.53,6.9459103E-15
,7988.41,6.8167022E-15
,7993.29,6.9021606E-15
,7998.18,7.2051197E-15
,8003.06,6.8653528E-15
,8007.94,6.6704171E-15
,8012.82,6.3902859E-15
,8017.70,6.3774517E-15
,8022.58,6.2674568E-15
,8027.46,6.6668807E-15
,8032.34,6.3498799E-15
,8037.22,6.6061438E-15
,8042.10,6.6480596E-15
,8046.98,6.8011155E-15
,8051.86,6.5055353E-15
,8056.74,6.4566137E-15
,8061.62,6.1568042E-15
,8066.50,6.4257088E-15
,8071.38,6.3615673E-15
,8076.25,5.6006191E-15
,8081.13,5.4938002E-15
,8086.01,5.9693652E-15
,8090.89,5.4788903E-15
,8095.77,5.137251E-15
,8100.65,5.4470732E-15
,8105.53,5.1612466E-15
,8110.41,5.8374377E-15
,8115.29,5.6826034E-15
,8120.17,6.0455062E-15
,8125.05,5.3178397E-15
,8129.93,5.7579873E-15
,8134.81,5.5755372E-15
,8139.69,5.7309262E-15
,8144.57,5.0007068E-15
,8149.45,5.1665312E-15
,8154.33,4.9614379E-15
,8159.21,4.9932275E-15
,8164.09,4.8980476E-15
,8168.97,4.6849405E-15
,8173.84,4.622357E-15
,8178.72,4.7814654E-15
,8183.60,4.6418299E-15
,8188.48,4.3792421E-15
,8193.36,4.4976886E-15
,8198.24,3.9852688E-15
,8203.12,4.323841E-15
,8208.00,4.1823446E-15
,8212.88,4.1400137E-15
,8217.76,4.0914495E-15
,8222.64,3.8939545E-15
,8227.51,3.6600878E-15
,8232.39,3.8648703E-15
,8237.27,3.7335734E-15
,8242.15,3.2905375E-15
,8247.03,3.2967363E-15
,8251.91,3.3278036E-15
,8256.79,3.1373844E-15
,8261.67,3.2404887E-15
,8266.54,3.1998046E-15
,8271.42,3.2067217E-15
,8276.30,3.0619227E-15
,8281.18,3.1479838E-15
,8286.06,3.0878402E-15
,8290.94,2.9798458E-15
,8295.82,3.1345577E-15
,8300.69,2.814578E-15
,8305.57,3.0853762E-15
,8310.45,2.9684642E-15
,8315.33,2.8743568E-15
,8320.21,2.8037566E-15
,8325.09,3.1023558E-15
,8329.96,3.3490891E-15
,8334.84,3.3428005E-15
,8339.72,3.1184503E-15
,8344.60,3.4421583E-15
,8349.48,3.3469264E-15
,8354.35,3.2963985E-15
,8359.23,4.778018E-15
,8364.11,3.6384211E-15
,8368.99,3.3723365E-15
,8373.87,3.496538E-15
,8378.74,3.4167192E-15
,8383.62,3.7144868E-15
,8388.50,3.7597234E-15
,8393.38,3.8524757E-15
,8398.26,4.1912101E-15
,8403.13,4.1357548E-15
,8408.01,3.9319193E-15
,8412.89,4.034434E-15
,8417.77,4.0262525E-15
,8422.64,3.9309651E-15
,8427.52,4.0801314E-15
,8432.40,4.5402245E-15
,8437.28,4.2285553E-15
,8442.15,5.0366459E-15
,8447.03,5.0069024E-15
,8451.91,5.3792928E-15
,8456.79,5.1445224E-15
,8461.66,4.6597883E-15
,8466.54,5.429302E-15
,8471.42,5.2938983E-15
,8476.30,5.4060895E-15
,8481.17,5.3933938E-15
,8486.05,5.8271564E-15
,8490.93,5.6823705E-15
,8495.80,5.4351877E-15
,8500.68,5.7636187E-15
,8505.56,6.1002428E-15
,8510.44,5.8078406E-15
,8515.31,6.6934657E-15
,8520.19,6.7565175E-15
,8525.07,6.6342831E-15
,8529.94,6.7157549E-15
,8534.82,6.7258194E-15
,8539.70,7.8252732E-15
,8544.57,7.4635419E-15
,8549.45,7.3479202E-15
,8554.33,7.2415091E-15
,8559.20,7.0672228E-15
,8564.08,6.7789089E-15
,8568.96,6.9002578E-15
,8573.83,6.6644328E-15
,8578.71,6.9053624E-15
,8583.59,6.895256E-15
,8588.46,6.6321189E-15
,8593.34,6.9841716E-15
,8598.21,7.6515129E-15
,8603.09,7.7042542E-15
,8607.97,7.5431816E-15
,8612.84,6.7014443E-15
,8617.72,7.4396979E-15
,8622.59,7.6881623E-15
,8627.47,7.7211856E-15
,8632.35,7.904968E-15
,8637.22,7.8222273E-15
,8642.10,7.1808235E-15
,8646.97,6.8994404E-15
,8651.85,7.1726394E-15
,8656.73,7.2408112E-15
,8661.60,6.9280709E-15
,8666.48,6.6646547E-15
,8671.35,7.4139015E-15
,8676.23,7.1423987E-15
,8681.10,7.2581948E-15
,8685.98,7.8596865E-15
,8690.86,7.7543156E-15
,8695.73,7.7554921E-15
,8700.61,7.1351777E-15
,8705.48,6.9607605E-15
,8710.36,6.685825E-15
,8715.23,6.8815807E-15
,8720.11,6.732937E-15
,8724.98,6.7029605E-15
,8729.86,6.6744714E-15
,8734.73,7.382253E-15
,8739.61,7.3255187E-15
,8744.48,7.5103032E-15
,8749.36,7.5937571E-15
,8754.23,7.4855664E-15
,8759.11,7.2827944E-15
,8763.98,6.5900548E-15
,8768.86,6.6675736E-15
,8773.73,6.6785482E-15
,8778.61,6.7260074E-15
,8783.48,6.479013E-15
,8788.36,6.3196815E-15
,8793.23,6.7723105E-15
,8798.11,6.6986279E-15
,8802.98,7.1582746E-15
,8807.86,6.7108354E-15
,8812.73,7.2356536E-15
,8817.60,6.8152661E-15
,8822.48,6.4995214E-15
,8827.35,6.2239354E-15
,8832.23,6.2120194E-15
,8837.10,5.7967229E-15
,8841.98,6.3029657E-15
,8846.85,6.3738734E-15
,8851.72,6.4901892E-15
,8856.60,5.8587914E-15
,8861.47,6.0326017E-15
,8866.35,5.6868238E-15
,8871.22,5.8026479E-15
,8876.09,6.1683345E-15
,8880.97,5.5084941E-15
,8885.84,5.3457825E-15
,8890.72,5.3980584E-15
,8895.59,4.6667187E-15
,8900.46,4.938504E-15
,8905.34,4.7293788E-15
,8910.21,4.450417E-15
,8915.08,4.6066522E-15
,8919.96,4.4875166E-15
,8924.83,4.1332595E-15
,8929.70,3.975802E-15
,8934.58,3.5927716E-15
,8939.45,3.1854321E-15
,8944.32,3.3337125E-15
,8949.20,3.0833355E-15
,8954.07,3.6171013E-15
,8958.94,3.5928554E-15
,8963.82,3.5164751E-15
,8968.69,3.7336082E-15
,8973.56,3.7541288E-15
,8978.43,3.4147864E-15
,8983.31,4.2500403E-15
,8988.18,3.7880169E-15
,8993.05,4.4086125E-15
,8997.93,4.0335573E-15
,9002.80,4.2670111E-15
,9007.67,3.8510599E-15
,9012.54,4.0945535E-15
,9017.42,4.3310883E-15
,9022.29,4.061736E-15
,9027.16,4.6280995E-15
,9032.03,4.965759E-15
,9036.91,4.361509E-15
,9041.78,4.7387301E-15
,9046.65,5.1498256E-15
,9051.52,4.8634311E-15
,9056.39,5.253818E-15
,9061.27,4.7873921E-15
,9066.14,4.846374E-15
,9071.01,4.1356257E-15
,9075.88,3.696575E-15
,9080.75,4.3140197E-15
,9085.63,3.8124771E-15
,9090.50,4.1397952E-15
,9095.37,4.4485027E-15
,9100.24,4.5291949E-15
,9105.11,4.4439647E-15
,9109.98,4.1409027E-15
,9114.86,4.3419354E-15
,9119.73,4.5678573E-15
,9124.60,4.7616703E-15
,9129.47,5.1107402E-15
,9134.34,4.9559517E-15
,9139.21,4.7653498E-15
,9144.08,4.4886821E-15
,9148.96,4.343377E-15
,9153.83,4.3790151E-15
,9158.70,3.9171598E-15
,9163.57,4.262194E-15
,9168.44,3.8979889E-15
,9173.31,4.4920762E-15
,9178.18,4.1800212E-15
,9183.05,4.741308E-15
,9187.92,4.8951834E-15
,9192.79,4.8453868E-15
,9197.66,5.2905661E-15
,9202.53,4.8637314E-15
,9207.41,5.0103879E-15
,9212.28,4.1475409E-15
,9217.15,4.2952571E-15
,9222.02,3.757727E-15
,9226.89,4.0893641E-15
,9231.76,3.8978889E-15
,9236.63,4.1597284E-15
,9241.50,4.7893123E-15
,9246.37,4.4747887E-15
,9251.24,4.9182858E-15
,9256.11,5.1951029E-15
,9260.98,4.8864725E-15
,9265.85,5.1075748E-15
,9270.72,5.6899392E-15
,9275.59,4.5390924E-15
,9280.46,4.6818565E-15
,9285.33,4.4835978E-15
,9290.20,4.1774771E-15
,9295.07,4.1580466E-15
,9299.93,3.8041325E-15
,9304.80,3.8044531E-15
,9309.67,3.9057553E-15
,9314.54,4.2032604E-15
,9319.41,4.4891967E-15
,9324.28,4.2472951E-15
,9329.15,4.5759985E-15
,9334.02,4.6631311E-15
,9338.89,4.9527888E-15
,9343.76,5.5615878E-15
,9348.63,5.1308402E-15
,9353.50,6.3676019E-15
,9358.36,5.4482536E-15
,9363.23,5.6644236E-15
,9368.10,5.4824542E-15
,9372.97,4.8525378E-15
,9377.84,4.1951183E-15
,9382.71,4.2452914E-15
,9387.58,3.3274304E-15
,9392.45,3.8970741E-15
,9397.31,4.8858593E-15
,9402.18,4.2885769E-15
,9407.05,5.4084362E-15
,9411.92,5.5138503E-15
,9416.79,5.4999497E-15
,9421.65,6.0895388E-15
,9426.52,5.9064874E-15
,9431.39,4.8977198E-15
,9436.26,4.2609903E-15
,9441.13,4.4155256E-15
,9445.99,3.9559255E-15
,9450.86,3.9816567E-15
,9455.73,3.8300132E-15
,9460.60,3.9944287E-15
,9465.46,4.2885981E-15
,9470.33,3.9242058E-15
,9475.20,4.4508015E-15
,9480.07,3.7442837E-15
,9484.93,4.8076485E-15
,9489.80,4.9296119E-15
,9494.67,4.998859E-15
,9499.54,4.5489227E-15
,9504.40,5.0365714E-15
,9509.27,5.3809085E-15
,9514.14,5.5742273E-15
,9519.00,5.0169503E-15
,9523.87,4.7297761E-15
,9528.74,4.9422822E-15
,9533.60,4.5722855E-15
,9538.47,4.767655E-15
,9543.34,3.7142522E-15
,9548.20,3.8738611E-15
,9553.07,3.4671087E-15
,9557.94,3.174196E-15
,9562.80,3.1914025E-15
,9567.67,3.2429112E-15
,9572.54,2.8778622E-14
,9577.40,3.0405201E-15
,9582.27,3.2124824E-15
,9587.13,3.7535202E-15
,9592.00,3.80336E-15
,9596.87,4.1645595E-15
,9601.73,3.5306332E-15
,9606.60,4.0137431E-15
,9611.46,3.9532523E-15
,9616.33,4.2186883E-15
,9621.20,4.2014329E-15
,9626.06,4.7862418E-15
,9630.93,4.2081893E-15
,9635.79,3.8435136E-15
,9640.66,3.7722896E-15
,9645.52,3.3828128E-15
,9650.39,3.1882932E-15
,9655.25,2.7982276E-15
,9660.12,2.9965012E-15
,9664.98,3.1825308E-15
,9669.85,3.1437918E-15
,9674.71,3.0597695E-15
,9679.58,3.3634912E-15
,9684.44,3.2004113E-15
,9689.31,3.0415426E-15
,9694.17,3.254232E-15
,9699.04,3.8069828E-15
,9703.90,3.0610449E-15
,9708.77,4.0203042E-15
,9713.63,3.9485411E-15
,9718.49,3.550829E-15
,9723.36,3.1056776E-15
,9728.22,2.720734E-15
,9733.09,3.3974909E-15
,9737.95,2.6283373E-15
,9742.82,2.3267408E-15
,9747.68,2.7867242E-15
,9752.54,2.1417103E-15
,9757.41,2.4948197E-15
,9762.27,2.2029267E-15
,9767.13,2.7633825E-15
,9772.00,2.8717816E-15
,9776.86,2.5273932E-15
,9781.73,2.6053336E-15
,9786.59,3.3990464E-15
,9791.45,3.0364844E-15
,9796.32,3.1955915E-15
,9801.18,3.4724251E-15
,9806.04,3.540188E-15
,9810.91,3.6042514E-15
,9815.77,3.2077049E-15
,9820.63,2.3502087E-15
,9825.49,2.7558287E-15
,9830.36,2.6460951E-15
,9835.22,2.2645098E-15
,9840.08,2.1136883E-15
,9844.95,2.6609341E-15
,9849.81,1.9294128E-14
,9854.67,2.8425676E-15
,9859.53,3.1735635E-15
,9864.40,3.577926E-15
,9869.26,2.9809811E-15
,9874.12,4.2763983E-15
,9878.98,3.3709925E-15
,9883.84,2.7592556E-15
,9888.71,3.7632391E-15
,9893.57,2.8227225E-15
,9898.43,2.5530899E-15
,9903.29,2.0259347E-15
,9908.15,2.0668203E-15
,9913.02,2.2734496E-15
,9917.88,2.1755247E-15
,9922.74,2.1831986E-15
,9927.60,3.0605371E-15
,9932.46,2.7840698E-15
,9937.32,2.9463702E-15
,9942.18,2.8790074E-15
,9947.05,3.002281E-15
,9951.91,3.5249285E-15
,9956.77,3.614971E-15
,9961.63,3.9118209E-15
,9966.49,2.8008292E-15
,9971.35,2.1584257E-15
,9976.21,2.7077066E-15
,9981.07,1.8898423E-15
,9985.93,1.8283511E-15
,9990.79,2.2329849E-15
,9995.65,1.63266E-15
,10000.51,2.3233152E-15
,10005.37,2.9095984E-15
,10010.23,2.69435E-15
,10015.09,3.1175929E-15
,10019.95,2.6683435E-15
,10024.81,2.2454049E-15
,10029.67,2.0689466E-15
,10034.53,2.010165E-15
,10039.39,2.4215448E-15
,10044.25,2.1395057E-15
,10049.11,2.3781077E-15
,10053.97,2.5533853E-15
,10058.83,2.5891883E-15
,10063.69,2.2253199E-15
,10068.55,2.1594398E-15
,10073.41,2.1896229E-15
,10078.27,2.3085578E-15
,10083.13,2.4313388E-15
,10087.99,3.6587207E-15
,10092.85,4.1947843E-16
,10097.71,3.3445956E-15
,10102.57,2.9567587E-15
,10107.42,3.0872282E-15
,10112.28,3.5514251E-15
,10117.14,3.003232E-15
,10122.00,3.6276117E-15
,10126.86,1.807779E-15
,10131.72,2.3965588E-15
,10136.58,1.8528937E-15
,10141.43,2.1982263E-15
,10146.29,2.2265877E-15
,10151.15,1.7140052E-15
,10156.01,1.0384123E-15
,10160.87,1.8344036E-15
,10165.73,1.3746352E-15
,10170.58,1.6938105E-15
,10175.44,2.260404E-15
,10180.30,1.7381746E-15
,10185.16,1.3705761E-15
,10190.01,5.8065178E-16
,10194.87,1.4614414E-15
,10199.73,1.3041923E-15
,10204.59,1.2754093E-15
,10209.44,2.6800711E-15
,10214.30,2.4669699E-15
,10219.16,1.9097878E-15
,10224.01,1.7768994E-15
,10228.87,2.6684973E-15
,10233.73,2.6587058E-15
